file,timestamp_utc,strategy,timerange_from,timerange_to,total_profit_pct,total_profit_usdt,profit_factor,max_drawdown_pct,trades
/Users/carlaherrera/Desktop/market-sentiment-lab/user_data/backtest_results/backtest-result-2026-02-23_16-11-34.meta.json,2026-02-23T19:11:34+00:00,Strat03RSIBBMeanReversion_v3c,2025-01-01,2026-02-01,0.157007642,1.57007642,1.9386421216564702,0.13274682600000462,13
/Users/carlaherrera/Desktop/market-sentiment-lab/user_data/backtest_results/backtest-result-2026-02-23_15-41-50.meta.json,2026-02-23T18:41:50+00:00,Strat03RSIBBMeanReversion_v3c,2025-01-01,2026-02-01,0.07906382399999995,0.7906382399999996,1.1863489625050743,0.3395007950000035,22
/Users/carlaherrera/Desktop/market-sentiment-lab/user_data/backtest_results/backtest-result-2026-02-23_15-36-35.meta.json,2026-02-23T18:36:34+00:00,Strat03RSIBBMeanReversion_v3c,2024-09-23,2026-02-20,-0.18449898900000003,-1.8449898900000004,0.7714261225686079,0.6030636080000022,36
/Users/carlaherrera/Desktop/market-sentiment-lab/user_data/backtest_results/backtest-result-2026-02-20_22-27-29.meta.json,2026-02-21T01:27:28+00:00,Strat19VolCompressionBreakout_4h_v1,2025-01-01,2026-02-01,1.626906757,16.26906757,1.4090307237311046,0.9529893136613762,136
/Users/carlaherrera/Desktop/market-sentiment-lab/user_data/backtest_results/backtest-result-2026-02-20_22-21-34.meta.json,2026-02-21T01:21:33+00:00,Strat19VolCompressionBreakout_4h_v1,2025-01-01,2026-02-01,1.9348986620000002,19.34898662,1.6030084459660852,0.9011457073382387,117
/Users/carlaherrera/Desktop/market-sentiment-lab/user_data/backtest_results/backtest-result-2026-02-20_22-21-18.meta.json,2026-02-21T01:21:18+00:00,Strat19VolCompressionBreakout_4h_v1,2025-01-01,2026-02-01,2.2619458490000004,22.619458490000003,1.7208946798504754,0.8795773843132454,119
/Users/carlaherrera/Desktop/market-sentiment-lab/user_data/backtest_results/backtest-result-2026-02-20_22-21-02.meta.json,2026-02-21T01:21:02+00:00,Strat19VolCompressionBreakout_4h_v1,2025-01-01,2026-02-01,2.567934459,25.67934459,1.8629378375560084,0.678570636889143,119
/Users/carlaherrera/Desktop/market-sentiment-lab/user_data/backtest_results/backtest-result-2026-02-20_22-20-48.meta.json,2026-02-21T01:20:48+00:00,Strat19VolCompressionBreakout_4h_v1,2025-01-01,2026-02-01,2.6556523939999996,26.556523939999998,1.913778152752965,0.6593553822039632,119
/Users/carlaherrera/Desktop/market-sentiment-lab/user_data/backtest_results/backtest-result-2026-02-20_22-17-17.meta.json,2026-02-21T01:17:16+00:00,Strat19VolCompressionBreakout_4h_v1,2025-01-01,2026-02-01,1.280758739,12.80758739,1.306978243291065,0.8517666394349411,135
/Users/carlaherrera/Desktop/market-sentiment-lab/user_data/backtest_results/backtest-result-2026-02-20_22-16-01.meta.json,2026-02-21T01:16:01+00:00,Strat19VolCompressionBreakout_4h_v1,2025-01-01,2026-02-01,1.1785968269999998,11.785968269999998,1.2663356817810072,0.9430846514807856,142
/Users/carlaherrera/Desktop/market-sentiment-lab/user_data/backtest_results/backtest-result-2026-02-20_22-14-04.meta.json,2026-02-21T01:14:04+00:00,Strat19VolCompressionBreakout_4h_v1,2025-01-01,2026-02-01,1.6063136379999996,16.063136379999996,1.4044184519300102,0.6810157907798157,129
/Users/carlaherrera/Desktop/market-sentiment-lab/user_data/backtest_results/backtest-result-2026-02-20_22-11-56.meta.json,2026-02-21T01:11:55+00:00,Strat19VolCompressionBreakout_4h_v1,2025-01-01,2026-02-01,1.1785968269999998,11.785968269999998,1.2663356817810072,0.9430846514807856,142
/Users/carlaherrera/Desktop/market-sentiment-lab/user_data/backtest_results/backtest-result-2026-02-20_22-08-15.meta.json,2026-02-21T01:08:15+00:00,Strat19VolCompressionBreakout_4h_v1,2025-07-01,2025-10-31,2.749534619,27.49534619,3.5418746706195545,0.2875009322422263,63
/Users/carlaherrera/Desktop/market-sentiment-lab/user_data/backtest_results/backtest-result-2026-02-20_22-08-00.meta.json,2026-02-21T01:08:00+00:00,Strat19VolCompressionBreakout_4h_v1,2025-09-01,2025-12-31,0.9775667410000001,9.77566741,2.3615911775494878,0.3397193812347471,32
/Users/carlaherrera/Desktop/market-sentiment-lab/user_data/backtest_results/backtest-result-2026-02-20_22-05-40.meta.json,2026-02-21T01:05:40+00:00,Strat19VolCompressionBreakout_4h_v1,2025-09-01,2025-12-31,0.9775667410000001,9.77566741,2.3615911775494878,0.3397193812347471,32
/Users/carlaherrera/Desktop/market-sentiment-lab/user_data/backtest_results/backtest-result-2026-02-20_22-05-19.meta.json,2026-02-21T01:05:19+00:00,Strat19VolCompressionBreakout_4h_v1,2025-06-01,2025-09-30,2.3413358669999997,23.413358669999997,2.7969125965707917,0.28747990702508375,64
/Users/carlaherrera/Desktop/market-sentiment-lab/user_data/backtest_results/backtest-result-2026-02-20_22-04-12.meta.json,2026-02-21T01:04:12+00:00,Strat19VolCompressionBreakout_4h_v1,2025-01-01,2026-02-01,2.7433703350000007,27.433703350000005,1.967035638732286,0.640147490479991,119
/Users/carlaherrera/Desktop/market-sentiment-lab/user_data/backtest_results/backtest-result-2026-02-20_22-00-22.meta.json,2026-02-21T01:00:21+00:00,Strat19VolCompressionBreakout_4h_v1,2025-01-01,2026-02-01,1.6063136379999996,16.063136379999996,1.4044184519300102,0.6810157907798157,129
/Users/carlaherrera/Desktop/market-sentiment-lab/user_data/backtest_results/backtest-result-2026-02-20_21-52-57.meta.json,2026-02-21T00:52:57+00:00,Strat19VolCompressionBreakout_4h_v1,2025-01-01,2026-02-01,1.1785968269999998,11.785968269999998,1.2663356817810072,0.9430846514807856,142
/Users/carlaherrera/Desktop/market-sentiment-lab/user_data/backtest_results/backtest-result-2026-02-20_21-49-15.meta.json,2026-02-21T00:49:15+00:00,Strat19VolCompressionBreakout_4h_v1,2025-07-01,2025-10-31,1.5839132800000002,15.839132800000002,1.7258532591756155,0.4157106625007719,75
/Users/carlaherrera/Desktop/market-sentiment-lab/user_data/backtest_results/backtest-result-2026-02-20_21-49-00.meta.json,2026-02-21T00:49:00+00:00,Strat19VolCompressionBreakout_4h_v1,2025-09-01,2025-12-31,0.527986806,5.27986806,1.452155879153869,0.3412366246742771,36
/Users/carlaherrera/Desktop/market-sentiment-lab/user_data/backtest_results/backtest-result-2026-02-20_21-46-56.meta.json,2026-02-21T00:46:55+00:00,Strat19VolCompressionBreakout_4h_v1,2025-06-01,2025-09-30,1.2880213150000002,12.880213150000001,1.5851847370928065,0.432157030999997,78
/Users/carlaherrera/Desktop/market-sentiment-lab/user_data/backtest_results/backtest-result-2026-02-20_21-32-07.meta.json,2026-02-21T00:32:07+00:00,Strat03RSIBBMeanReversion_v3c,2025-01-01,2026-02-01,0.091759271,0.9175927100000001,1.2975075616430527,0.258555707000005,20
/Users/carlaherrera/Desktop/market-sentiment-lab/user_data/backtest_results/backtest-result-2026-02-20_21-32-02.meta.json,2026-02-21T00:32:02+00:00,Strat03RSIBBMeanReversion_v3c,2025-01-01,2026-02-01,0.114050303,1.14050303,1.390512978574481,0.24666216000000532,20
/Users/carlaherrera/Desktop/market-sentiment-lab/user_data/backtest_results/backtest-result-2026-02-20_21-31-43.meta.json,2026-02-21T00:31:42+00:00,Strat03RSIBBMeanReversion_v3c,2025-01-01,2026-02-01,0.236848599,2.36848599,2.07233619349748,0.1886941399999955,18
/Users/carlaherrera/Desktop/market-sentiment-lab/user_data/backtest_results/backtest-result-2026-02-20_21-31-39.meta.json,2026-02-21T00:31:38+00:00,Strat03RSIBBMeanReversion_v3c,2025-01-01,2026-02-01,0.273555753,2.73555753,2.1250078575139217,0.2109815219999973,20
/Users/carlaherrera/Desktop/market-sentiment-lab/user_data/backtest_results/backtest-result-2026-02-20_21-31-34.meta.json,2026-02-21T00:31:34+00:00,Strat03RSIBBMeanReversion_v3c,2025-01-01,2026-02-01,0.249994427,2.49994427,2.2096733960475223,0.17448529800000187,18
/Users/carlaherrera/Desktop/market-sentiment-lab/user_data/backtest_results/backtest-result-2026-02-20_21-31-30.meta.json,2026-02-21T00:31:30+00:00,Strat03RSIBBMeanReversion_v3c,2025-01-01,2026-02-01,0.234786777,2.34786777,2.0581129904876097,0.2109815219999973,18
/Users/carlaherrera/Desktop/market-sentiment-lab/user_data/backtest_results/backtest-result-2026-02-20_21-31-26.meta.json,2026-02-21T00:31:25+00:00,Strat03RSIBBMeanReversion_v3c,2025-01-01,2026-02-01,0.273555753,2.73555753,2.1250078575139217,0.2109815219999973,20
/Users/carlaherrera/Desktop/market-sentiment-lab/user_data/backtest_results/backtest-result-2026-02-20_21-31-21.meta.json,2026-02-21T00:31:21+00:00,Strat03RSIBBMeanReversion_v3c,2025-01-01,2026-02-01,0.273555753,2.73555753,2.1250078575139217,0.2109815219999973,20
/Users/carlaherrera/Desktop/market-sentiment-lab/user_data/backtest_results/backtest-result-2026-02-20_21-31-17.meta.json,2026-02-21T00:31:16+00:00,Strat03RSIBBMeanReversion_v3c,2025-01-01,2026-02-01,0.25771349099999996,2.57713491,2.2924628799593676,0.1672197600000004,18
/Users/carlaherrera/Desktop/market-sentiment-lab/user_data/backtest_results/backtest-result-2026-02-20_21-31-12.meta.json,2026-02-21T00:31:12+00:00,Strat03RSIBBMeanReversion_v3c,2025-01-01,2026-02-01,0.15357417099999998,1.53574171,1.6315792930378865,0.2109815219999973,18
/Users/carlaherrera/Desktop/market-sentiment-lab/user_data/backtest_results/backtest-result-2026-02-20_21-31-08.meta.json,2026-02-21T00:31:07+00:00,Strat03RSIBBMeanReversion_v3c,2025-01-01,2026-02-01,0.27992274400000006,2.7992274400000006,2.2539644567635255,0.19105275699999993,17
/Users/carlaherrera/Desktop/market-sentiment-lab/user_data/backtest_results/backtest-result-2026-02-20_21-31-03.meta.json,2026-02-21T00:31:02+00:00,Strat03RSIBBMeanReversion_v3c,2025-01-01,2026-02-01,0.22353461700000002,2.23534617,1.9192941394705931,0.2109815219999973,19
/Users/carlaherrera/Desktop/market-sentiment-lab/user_data/backtest_results/backtest-result-2026-02-20_21-30-59.meta.json,2026-02-21T00:30:58+00:00,Strat03RSIBBMeanReversion_v3c,2025-01-01,2026-02-01,0.22846637699999997,2.28466377,2.0006655909191324,0.19613696400000435,18
/Users/carlaherrera/Desktop/market-sentiment-lab/user_data/backtest_results/backtest-result-2026-02-20_21-30-54.meta.json,2026-02-21T00:30:54+00:00,Strat03RSIBBMeanReversion_v3c,2025-01-01,2026-02-01,0.284466202,2.84466202,2.2248353597703407,0.2109815219999973,19
/Users/carlaherrera/Desktop/market-sentiment-lab/user_data/backtest_results/backtest-result-2026-02-20_21-30-10.meta.json,2026-02-21T00:30:09+00:00,Strat03RSIBBMeanReversion_v3c,2025-01-01,2026-02-01,0.312694372,3.1269437200000003,2.844846567007367,0.13731869099999586,17
/Users/carlaherrera/Desktop/market-sentiment-lab/user_data/backtest_results/backtest-result-2026-02-20_21-29-25.meta.json,2026-02-21T00:29:25+00:00,Strat03RSIBBMeanReversion_v3c,2025-09-15,2026-01-15,0.16124438000000002,1.6124438,8.58190529928998,0.02125138114696654,5
/Users/carlaherrera/Desktop/market-sentiment-lab/user_data/backtest_results/backtest-result-2026-02-20_21-29-21.meta.json,2026-02-21T00:29:21+00:00,Strat03RSIBBMeanReversion_v3c,2025-08-15,2025-12-15,0.16222588000000002,1.6222588000000002,8.628056613532705,0.021238652400239585,5
/Users/carlaherrera/Desktop/market-sentiment-lab/user_data/backtest_results/backtest-result-2026-02-20_21-29-18.meta.json,2026-02-21T00:29:17+00:00,Strat03RSIBBMeanReversion_v3c,2025-07-15,2025-11-15,0.222231426,2.22231426,11.449589786993936,0.02122593264074973,6
/Users/carlaherrera/Desktop/market-sentiment-lab/user_data/backtest_results/backtest-result-2026-02-20_15-35-35.meta.json,2026-02-20T18:35:34+00:00,Strat03RSIBBMeanReversion_v3c,2025-01-01,2026-02-01,0.13634133299999998,1.36341333,1.4945666648089464,0.23476861399999507,20
/Users/carlaherrera/Desktop/market-sentiment-lab/user_data/backtest_results/backtest-result-2026-02-20_15-35-30.meta.json,2026-02-20T18:35:29+00:00,Strat03RSIBBMeanReversion_v3c,2025-01-01,2026-02-01,0.25427737300000003,2.54277373,1.9854504038340202,0.2228750679999962,20
/Users/carlaherrera/Desktop/market-sentiment-lab/user_data/backtest_results/backtest-result-2026-02-20_15-35-25.meta.json,2026-02-20T18:35:24+00:00,Strat03RSIBBMeanReversion_v3c,2025-01-01,2026-02-01,0.273555753,2.73555753,2.1250078575139217,0.2109815219999973,20
/Users/carlaherrera/Desktop/market-sentiment-lab/user_data/backtest_results/backtest-result-2026-02-20_15-28-27.meta.json,2026-02-20T18:28:26+00:00,Strat03RSIBBMeanReversion_v3c,2025-06-15,2025-10-15,0.222231426,2.22231426,11.449589786993936,0.02122593264074973,6
/Users/carlaherrera/Desktop/market-sentiment-lab/user_data/backtest_results/backtest-result-2026-02-20_15-28-23.meta.json,2026-02-20T18:28:23+00:00,Strat03RSIBBMeanReversion_v3c,2025-05-15,2025-09-15,0.228711133,2.28711133,21.962577525452897,0.010903902735564219,5
/Users/carlaherrera/Desktop/market-sentiment-lab/user_data/backtest_results/backtest-result-2026-02-20_15-28-19.meta.json,2026-02-20T18:28:19+00:00,Strat03RSIBBMeanReversion_v3c,2025-04-15,2025-08-15,0.13487166299999997,1.3487166299999997,2.70081844967398,0.06838764599999649,8
/Users/carlaherrera/Desktop/market-sentiment-lab/user_data/backtest_results/backtest-result-2026-02-20_15-28-16.meta.json,2026-02-20T18:28:16+00:00,Strat03RSIBBMeanReversion_v3c,2025-03-15,2025-07-15,0.091912981,0.91912981,2.476484553373732,0.05134078199999976,6
/Users/carlaherrera/Desktop/market-sentiment-lab/user_data/backtest_results/backtest-result-2026-02-20_15-28-12.meta.json,2026-02-20T18:28:12+00:00,Strat03RSIBBMeanReversion_v3c,2025-02-15,2025-06-15,0.03570015,0.35700149999999997,1.301358482878968,0.10755361300000459,8
/Users/carlaherrera/Desktop/market-sentiment-lab/user_data/backtest_results/backtest-result-2026-02-20_15-28-08.meta.json,2026-02-20T18:28:08+00:00,Strat03RSIBBMeanReversion_v3c,2025-01-15,2025-05-15,-0.136719928,-1.36719928,0.20160813678062212,0.17124413999999888,8
/Users/carlaherrera/Desktop/market-sentiment-lab/user_data/backtest_results/backtest-result-2026-02-20_15-28-05.meta.json,2026-02-20T18:28:04+00:00,Strat03RSIBBMeanReversion_v3c,2025-07-01,2025-10-31,0.173742431,1.73742431,3.4907168337287713,0.048488995000002436,7
/Users/carlaherrera/Desktop/market-sentiment-lab/user_data/backtest_results/backtest-result-2026-02-20_15-28-01.meta.json,2026-02-20T18:28:01+00:00,Strat03RSIBBMeanReversion_v3c,2025-04-01,2025-07-31,0.151918527,1.51918527,3.4404100057073577,0.05134078199999976,7
/Users/carlaherrera/Desktop/market-sentiment-lab/user_data/backtest_results/backtest-result-2026-02-20_15-27-57.meta.json,2026-02-20T18:27:57+00:00,Strat03RSIBBMeanReversion_v3c,2025-01-01,2025-04-30,-0.17645731000000003,-1.7645731000000002,0.16363618800702365,0.2109815219999973,9
/Users/carlaherrera/Desktop/market-sentiment-lab/user_data/backtest_results/backtest-result-2026-02-20_15-27-53.meta.json,2026-02-20T18:27:53+00:00,Strat03RSIBBMeanReversion_v3c,2025-11-01,2026-02-01,0.11905208599999999,1.19052086,0.0,0.0,2
/Users/carlaherrera/Desktop/market-sentiment-lab/user_data/backtest_results/backtest-result-2026-02-20_15-27-48.meta.json,2026-02-20T18:27:47+00:00,Strat03RSIBBMeanReversion_v3c,2025-09-01,2025-12-31,0.16124438000000002,1.6124438,8.58190529928998,0.02125138114696654,5
/Users/carlaherrera/Desktop/market-sentiment-lab/user_data/backtest_results/backtest-result-2026-02-20_15-27-43.meta.json,2026-02-20T18:27:43+00:00,Strat03RSIBBMeanReversion_v3c,2025-06-01,2025-09-30,0.179915516,1.79915516,0.0,0.0,3
/Users/carlaherrera/Desktop/market-sentiment-lab/user_data/backtest_results/backtest-result-2026-02-20_15-18-07.meta.json,2026-02-20T18:18:06+00:00,Strat03RSIBBMeanReversion_v3c,2025-01-01,2026-02-01,0.140639995,1.40639995,1.2530298094331938,0.3585956549999992,34
/Users/carlaherrera/Desktop/market-sentiment-lab/user_data/backtest_results/backtest-result-2026-02-20_15-17-28.meta.json,2026-02-20T18:17:28+00:00,Strat03RSIBBMeanReversion_v3c,2025-01-01,2026-02-01,0.273555753,2.73555753,2.1250078575139217,0.2109815219999973,20
/Users/carlaherrera/Desktop/market-sentiment-lab/user_data/backtest_results/backtest-result-2026-02-20_15-12-41.meta.json,2026-02-20T18:12:40+00:00,Strat03RSIBBMeanReversion_v3c,2025-01-01,2026-02-01,0.146445698,1.46445698,1.4704712487039975,0.22367255299999442,25
/Users/carlaherrera/Desktop/market-sentiment-lab/user_data/backtest_results/backtest-result-2026-02-20_15-12-36.meta.json,2026-02-20T18:12:35+00:00,Strat03RSIBBMeanReversion_v3c,2025-01-01,2026-02-01,0.18315285199999998,1.83152852,1.5490820965293062,0.24595993499999624,27
/Users/carlaherrera/Desktop/market-sentiment-lab/user_data/backtest_results/backtest-result-2026-02-20_15-12-31.meta.json,2026-02-20T18:12:30+00:00,Strat03RSIBBMeanReversion_v3c,2025-01-01,2026-02-01,0.15959152599999998,1.59591526,1.5372264584426134,0.20946371100000077,25
/Users/carlaherrera/Desktop/market-sentiment-lab/user_data/backtest_results/backtest-result-2026-02-20_15-12-26.meta.json,2026-02-20T18:12:25+00:00,Strat03RSIBBMeanReversion_v3c,2025-01-01,2026-02-01,0.14438387600000002,1.4438387600000002,1.462331882285919,0.24595993499999624,25
/Users/carlaherrera/Desktop/market-sentiment-lab/user_data/backtest_results/backtest-result-2026-02-20_15-12-21.meta.json,2026-02-20T18:12:21+00:00,Strat03RSIBBMeanReversion_v3c,2025-01-01,2026-02-01,0.18315285199999998,1.83152852,1.5490820965293062,0.24595993499999624,27
/Users/carlaherrera/Desktop/market-sentiment-lab/user_data/backtest_results/backtest-result-2026-02-20_15-12-17.meta.json,2026-02-20T18:12:16+00:00,Strat03RSIBBMeanReversion_v3c,2025-01-01,2026-02-01,0.18315285199999998,1.83152852,1.5490820965293062,0.24595993499999624,27
/Users/carlaherrera/Desktop/market-sentiment-lab/user_data/backtest_results/backtest-result-2026-02-20_15-12-12.meta.json,2026-02-20T18:12:11+00:00,Strat03RSIBBMeanReversion_v3c,2025-01-01,2026-02-01,0.16731059000000004,1.6731059000000004,1.5773310092946478,0.20219817299999931,25
/Users/carlaherrera/Desktop/market-sentiment-lab/user_data/backtest_results/backtest-result-2026-02-20_15-12-07.meta.json,2026-02-20T18:12:06+00:00,Strat03RSIBBMeanReversion_v3c,2025-01-01,2026-02-01,0.06317127000000002,0.6317127000000001,1.1893839653232312,0.24595993499999624,25
/Users/carlaherrera/Desktop/market-sentiment-lab/user_data/backtest_results/backtest-result-2026-02-20_15-12-02.meta.json,2026-02-20T18:12:01+00:00,Strat03RSIBBMeanReversion_v3c,2025-01-01,2026-02-01,0.242198777,2.42198777,1.8822758009027427,0.2109815219999973,22
/Users/carlaherrera/Desktop/market-sentiment-lab/user_data/backtest_results/backtest-result-2026-02-20_15-11-57.meta.json,2026-02-20T18:11:56+00:00,Strat03RSIBBMeanReversion_v3c,2025-01-01,2026-02-01,0.189519843,1.8951984299999998,1.6042724405367061,0.2260311699999988,24
/Users/carlaherrera/Desktop/market-sentiment-lab/user_data/backtest_results/backtest-result-2026-02-20_15-11-52.meta.json,2026-02-20T18:11:51+00:00,Strat03RSIBBMeanReversion_v3c,2025-01-01,2026-02-01,0.133131716,1.33131716,1.3991215039109748,0.24595993499999624,26
/Users/carlaherrera/Desktop/market-sentiment-lab/user_data/backtest_results/backtest-result-2026-02-20_15-11-47.meta.json,2026-02-20T18:11:46+00:00,Strat03RSIBBMeanReversion_v3c,2025-01-01,2026-02-01,0.138063476,1.38063476,1.4331847374943678,0.23111537700000329,25
/Users/carlaherrera/Desktop/market-sentiment-lab/user_data/backtest_results/backtest-result-2026-02-20_15-11-42.meta.json,2026-02-20T18:11:41+00:00,Strat03RSIBBMeanReversion_v3c,2025-01-01,2026-02-01,0.19406330100000005,1.9406330100000004,1.6014642650437032,0.24595993499999624,26
/Users/carlaherrera/Desktop/market-sentiment-lab/user_data/backtest_results/backtest-result-2026-02-20_15-11-36.meta.json,2026-02-20T18:11:36+00:00,Strat03RSIBBMeanReversion_v3c,2025-01-01,2026-02-01,0.22229147100000002,2.22291471,1.855299312166373,0.18216982699999562,24
/Users/carlaherrera/Desktop/market-sentiment-lab/user_data/backtest_results/backtest-result-2026-02-20_15-11-30.meta.json,2026-02-20T18:11:30+00:00,Strat03RSIBBMeanReversion_v3c,2025-01-01,2026-02-01,0.21450982799999999,2.14509828,1.7098158595021564,0.24595993499999624,25
/Users/carlaherrera/Desktop/market-sentiment-lab/user_data/backtest_results/backtest-result-2026-02-20_15-07-37.meta.json,2026-02-20T18:07:36+00:00,Strat03RSIBBMeanReversion_v3c,2025-06-15,2025-10-15,0.14834223200000002,1.4834223200000003,1.957289136314715,0.08338724689764507,10
/Users/carlaherrera/Desktop/market-sentiment-lab/user_data/backtest_results/backtest-result-2026-02-20_15-07-33.meta.json,2026-02-20T18:07:32+00:00,Strat03RSIBBMeanReversion_v3c,2025-05-15,2025-09-15,0.18315936800000002,1.8315936800000001,4.243928195943574,0.04550229056376864,7
/Users/carlaherrera/Desktop/market-sentiment-lab/user_data/backtest_results/backtest-result-2026-02-20_15-07-29.meta.json,2026-02-20T18:07:28+00:00,Strat03RSIBBMeanReversion_v3c,2025-04-15,2025-08-15,0.064986465,0.6498646499999999,1.4356148982446717,0.08284835599999951,12
/Users/carlaherrera/Desktop/market-sentiment-lab/user_data/backtest_results/backtest-result-2026-02-20_15-07-25.meta.json,2026-02-20T18:07:24+00:00,Strat03RSIBBMeanReversion_v3c,2025-03-15,2025-07-15,-0.017298883,-0.17298883,0.8991101671178864,0.12919567000000143,11
/Users/carlaherrera/Desktop/market-sentiment-lab/user_data/backtest_results/backtest-result-2026-02-20_15-07-20.meta.json,2026-02-20T18:07:20+00:00,Strat03RSIBBMeanReversion_v3c,2025-02-15,2025-06-15,-0.07351171399999998,-0.7351171399999997,0.6771212692904564,0.1854085009999949,13
/Users/carlaherrera/Desktop/market-sentiment-lab/user_data/backtest_results/backtest-result-2026-02-20_15-07-16.meta.json,2026-02-20T18:07:16+00:00,Strat03RSIBBMeanReversion_v3c,2025-01-15,2025-05-15,-0.23642666400000006,-2.3642666400000008,0.12741871334640006,0.26107815300000536,14
/Users/carlaherrera/Desktop/market-sentiment-lab/user_data/backtest_results/backtest-result-2026-02-20_15-07-12.meta.json,2026-02-20T18:07:12+00:00,Strat03RSIBBMeanReversion_v3c,2025-07-01,2025-10-31,0.099853237,0.9985323699999998,1.4908005286455666,0.08342766136903054,11
/Users/carlaherrera/Desktop/market-sentiment-lab/user_data/backtest_results/backtest-result-2026-02-20_15-07-08.meta.json,2026-02-20T18:07:08+00:00,Strat03RSIBBMeanReversion_v3c,2025-04-01,2025-07-31,0.073494751,0.73494751,1.5224435567293062,0.0743400700000052,12
/Users/carlaherrera/Desktop/market-sentiment-lab/user_data/backtest_results/backtest-result-2026-02-20_15-07-04.meta.json,2026-02-20T18:07:03+00:00,Strat03RSIBBMeanReversion_v3c,2025-01-01,2025-04-30,-0.32407144300000007,-3.2407144300000006,0.09627615817040502,0.3585956549999992,15
/Users/carlaherrera/Desktop/market-sentiment-lab/user_data/backtest_results/backtest-result-2026-02-20_14-54-43.meta.json,2026-02-20T17:54:42+00:00,Strat03RSIBBMeanReversion_v3c,2025-06-15,2025-10-15,0.19816391400000002,1.9816391400000002,5.371149158945397,0.02406751199999917,7
/Users/carlaherrera/Desktop/market-sentiment-lab/user_data/backtest_results/backtest-result-2026-02-20_14-54-39.meta.json,2026-02-20T17:54:39+00:00,Strat03RSIBBMeanReversion_v3c,2025-05-15,2025-09-15,0.18315936800000002,1.8315936800000001,4.243928195943574,0.04550229056376864,7
/Users/carlaherrera/Desktop/market-sentiment-lab/user_data/backtest_results/backtest-result-2026-02-20_14-54-35.meta.json,2026-02-20T17:54:35+00:00,Strat03RSIBBMeanReversion_v3c,2025-04-15,2025-08-15,0.064986465,0.6498646499999999,1.4356148982446717,0.08284835599999951,12
/Users/carlaherrera/Desktop/market-sentiment-lab/user_data/backtest_results/backtest-result-2026-02-20_14-54-30.meta.json,2026-02-20T17:54:30+00:00,Strat03RSIBBMeanReversion_v3c,2025-03-15,2025-07-15,0.03755671700000001,0.37556717000000006,1.3220780705391193,0.0743400700000052,10
/Users/carlaherrera/Desktop/market-sentiment-lab/user_data/backtest_results/backtest-result-2026-02-20_14-54-27.meta.json,2026-02-20T17:54:26+00:00,Strat03RSIBBMeanReversion_v3c,2025-02-15,2025-06-15,-0.018656114000000005,-0.18656114000000004,0.89204907529222,0.13055290099999864,12
/Users/carlaherrera/Desktop/market-sentiment-lab/user_data/backtest_results/backtest-result-2026-02-20_14-54-23.meta.json,2026-02-20T17:54:23+00:00,Strat03RSIBBMeanReversion_v3c,2025-01-15,2025-05-15,-0.181571064,-1.81571064,0.1597638441665888,0.20622255299999778,13
/Users/carlaherrera/Desktop/market-sentiment-lab/user_data/backtest_results/backtest-result-2026-02-20_14-47-35.meta.json,2026-02-20T17:47:35+00:00,Strat03RSIBBMeanReversion_v3c,2025-01-01,2026-02-01,-0.040363484000000005,-0.40363484000000005,0.9083792184595672,0.31751553300000523,27
/Users/carlaherrera/Desktop/market-sentiment-lab/user_data/backtest_results/backtest-result-2026-02-20_14-47-31.meta.json,2026-02-20T17:47:30+00:00,Strat03RSIBBMeanReversion_v3c,2025-01-01,2026-02-01,-0.007642489000000002,-0.07642489000000002,0.9815285186028728,0.2996266340000034,27
/Users/carlaherrera/Desktop/market-sentiment-lab/user_data/backtest_results/backtest-result-2026-02-20_14-47-25.meta.json,2026-02-20T17:47:25+00:00,Strat03RSIBBMeanReversion_v3c,2025-01-01,2026-02-01,0.025078504,0.25078504,1.0648121831823227,0.28173773400000074,27
/Users/carlaherrera/Desktop/market-sentiment-lab/user_data/backtest_results/backtest-result-2026-02-20_14-47-17.meta.json,2026-02-20T17:47:16+00:00,Strat03RSIBBMeanReversion_v3c,2025-01-01,2026-02-01,0.15344450899999998,1.5344450899999997,1.4275834249224542,0.2638488339999981,27
/Users/carlaherrera/Desktop/market-sentiment-lab/user_data/backtest_results/backtest-result-2026-02-20_14-47-04.meta.json,2026-02-20T17:47:03+00:00,Strat03RSIBBMeanReversion_v3c,2025-01-01,2026-02-01,0.18315285199999998,1.83152852,1.5490820965293062,0.24595993499999624,27
/Users/carlaherrera/Desktop/market-sentiment-lab/user_data/backtest_results/backtest-result-2026-02-20_14-36-06.meta.json,2026-02-20T17:36:05+00:00,Strat03RSIBBMeanReversion_v3c,2025-07-01,2025-10-31,0.149674919,1.49674919,2.595281649405836,0.0725565070000016,8
/Users/carlaherrera/Desktop/market-sentiment-lab/user_data/backtest_results/backtest-result-2026-02-20_14-36-01.meta.json,2026-02-20T17:36:01+00:00,Strat03RSIBBMeanReversion_v3c,2025-04-01,2025-07-31,0.073494751,0.73494751,1.5224435567293062,0.0743400700000052,12
/Users/carlaherrera/Desktop/market-sentiment-lab/user_data/backtest_results/backtest-result-2026-02-20_14-35-57.meta.json,2026-02-20T17:35:57+00:00,Strat03RSIBBMeanReversion_v3c,2025-01-01,2025-04-30,-0.21143572300000002,-2.1143572300000004,0.1403651858990774,0.24595993499999624,13
/Users/carlaherrera/Desktop/market-sentiment-lab/user_data/backtest_results/backtest-result-2026-02-20_14-16-33.meta.json,2026-02-20T17:16:33+00:00,Strat19VolCompressionBreakout_4h_v1,2025-09-01,2025-12-31,0.688387593,6.88387593,1.8322003391645014,0.34069375111913525,31
/Users/carlaherrera/Desktop/market-sentiment-lab/user_data/backtest_results/backtest-result-2026-02-20_14-16-29.meta.json,2026-02-20T17:16:28+00:00,Strat19VolCompressionBreakout_4h_v1,2025-06-01,2025-09-30,1.151254972,11.51254972,1.5820401865098959,0.432157030999997,71
/Users/carlaherrera/Desktop/market-sentiment-lab/user_data/backtest_results/backtest-result-2026-02-20_14-16-25.meta.json,2026-02-20T17:16:25+00:00,Strat19VolCompressionBreakout_4h_v1,2025-09-01,2025-12-31,0.040835252,0.40835252,1.1027153293167204,0.152887439999995,17
/Users/carlaherrera/Desktop/market-sentiment-lab/user_data/backtest_results/backtest-result-2026-02-20_14-16-22.meta.json,2026-02-20T17:16:21+00:00,Strat19VolCompressionBreakout_4h_v1,2025-06-01,2025-09-30,0.7752974570000001,7.75297457,1.533201096230938,0.5221683220000045,58
/Users/carlaherrera/Desktop/market-sentiment-lab/user_data/backtest_results/backtest-result-2026-02-20_14-16-17.meta.json,2026-02-20T17:16:17+00:00,Strat03RSIBBMeanReversion_v3c,2025-11-01,2026-02-01,0.11905208599999999,1.19052086,0.0,0.0,2
/Users/carlaherrera/Desktop/market-sentiment-lab/user_data/backtest_results/backtest-result-2026-02-20_14-16-13.meta.json,2026-02-20T17:16:13+00:00,Strat03RSIBBMeanReversion_v3c,2025-09-01,2025-12-31,0.16124438000000002,1.6124438,8.58190529928998,0.02125138114696654,5
/Users/carlaherrera/Desktop/market-sentiment-lab/user_data/backtest_results/backtest-result-2026-02-20_14-15-53.meta.json,2026-02-20T17:15:53+00:00,Strat03RSIBBMeanReversion_v3c,2025-06-01,2025-09-30,0.134363751,1.34363751,3.949693628775965,0.045551765000004706,5
/Users/carlaherrera/Desktop/market-sentiment-lab/user_data/backtest_results/backtest-result-2026-02-20_13-31-37.meta.json,2026-02-20T16:31:35+00:00,Strat22TrendReclaim_1h_v1,2025-01-01,2026-02-01,-9.514306576,-95.14306576,0.5015985003174983,9.614693423483079,964
/Users/carlaherrera/Desktop/market-sentiment-lab/user_data/backtest_results/backtest-result-2026-02-20_13-15-59.meta.json,2026-02-20T16:15:59+00:00,Strat19VolCompressionBreakout_4h_v1,2025-01-01,2026-02-01,0.867289316,8.672893160000001,1.18736822474059,1.0109554685746072,142
/Users/carlaherrera/Desktop/market-sentiment-lab/user_data/backtest_results/backtest-result-2026-02-20_13-15-56.meta.json,2026-02-20T16:15:55+00:00,Strat19VolCompressionBreakout_4h_v1,2025-01-01,2026-02-01,1.05706161,10.5706161,1.2335066767233154,0.977012056840007,142
/Users/carlaherrera/Desktop/market-sentiment-lab/user_data/backtest_results/backtest-result-2026-02-20_13-15-52.meta.json,2026-02-20T16:15:51+00:00,Strat19VolCompressionBreakout_4h_v1,2025-01-01,2026-02-01,1.1785968269999998,11.785968269999998,1.2663356817810072,0.9430846514807856,142
/Users/carlaherrera/Desktop/market-sentiment-lab/user_data/backtest_results/backtest-result-2026-02-20_13-15-29.meta.json,2026-02-20T16:15:29+00:00,Strat19VolCompressionBreakout_4h_v1,2025-10-01,2026-02-01,0.08725076899999999,0.87250769,1.2434404964392392,0.22994234995018129,19
/Users/carlaherrera/Desktop/market-sentiment-lab/user_data/backtest_results/backtest-result-2026-02-20_13-15-25.meta.json,2026-02-20T16:15:25+00:00,Strat19VolCompressionBreakout_4h_v1,2025-09-01,2025-12-31,0.040835252,0.40835252,1.1027153293167204,0.152887439999995,17
/Users/carlaherrera/Desktop/market-sentiment-lab/user_data/backtest_results/backtest-result-2026-02-20_13-15-22.meta.json,2026-02-20T16:15:22+00:00,Strat19VolCompressionBreakout_4h_v1,2025-07-01,2025-10-31,1.081958006,10.81958006,2.0161971154264338,0.2981537679402652,49
/Users/carlaherrera/Desktop/market-sentiment-lab/user_data/backtest_results/backtest-result-2026-02-20_13-15-18.meta.json,2026-02-20T16:15:18+00:00,Strat19VolCompressionBreakout_4h_v1,2025-05-01,2025-08-31,0.561571348,5.615713479999999,1.3775505830561505,0.7841411191311601,51
/Users/carlaherrera/Desktop/market-sentiment-lab/user_data/backtest_results/backtest-result-2026-02-20_13-15-15.meta.json,2026-02-20T16:15:14+00:00,Strat19VolCompressionBreakout_4h_v1,2025-03-01,2025-06-30,-0.37529279400000004,-3.7529279400000006,0.6324611971170601,0.7080983820303088,33
/Users/carlaherrera/Desktop/market-sentiment-lab/user_data/backtest_results/backtest-result-2026-02-20_13-15-11.meta.json,2026-02-20T16:15:11+00:00,Strat19VolCompressionBreakout_4h_v1,2025-01-01,2025-04-30,0.140522871,1.4052287099999998,1.286480991145264,0.24234549853888138,23
/Users/carlaherrera/Desktop/market-sentiment-lab/user_data/backtest_results/backtest-result-2026-02-20_13-11-59.meta.json,2026-02-20T16:11:59+00:00,Strat21EMARegimeReclaim_4h_v1,2025-01-01,2026-02-01,-1.5777451799999997,-15.7774518,0.6447204755768251,1.6187286709999966,135
/Users/carlaherrera/Desktop/market-sentiment-lab/user_data/backtest_results/backtest-result-2026-02-20_13-07-02.meta.json,2026-02-20T16:07:01+00:00,Strat20DonchianRegimePullback_4h_v1,2025-01-01,2026-02-01,-3.8614557429999996,-38.61455743,0.5957520961038163,4.165302690159025,259
/Users/carlaherrera/Desktop/market-sentiment-lab/user_data/backtest_results/backtest-result-2026-02-20_13-01-34.meta.json,2026-02-20T16:01:34+00:00,Strat19VolCompressionBreakout_4h_v1,2025-01-01,2026-02-01,0.867289316,8.672893160000001,1.18736822474059,1.0109554685746072,142
/Users/carlaherrera/Desktop/market-sentiment-lab/user_data/backtest_results/backtest-result-2026-02-20_13-01-31.meta.json,2026-02-20T16:01:30+00:00,Strat19VolCompressionBreakout_4h_v1,2025-01-01,2026-02-01,1.05706161,10.5706161,1.2335066767233154,0.977012056840007,142
/Users/carlaherrera/Desktop/market-sentiment-lab/user_data/backtest_results/backtest-result-2026-02-20_13-01-27.meta.json,2026-02-20T16:01:26+00:00,Strat19VolCompressionBreakout_4h_v1,2025-01-01,2026-02-01,1.1785968269999998,11.785968269999998,1.2663356817810072,0.9430846514807856,142
/Users/carlaherrera/Desktop/market-sentiment-lab/user_data/backtest_results/backtest-result-2026-02-20_13-01-10.meta.json,2026-02-20T16:01:10+00:00,Strat19VolCompressionBreakout_4h_v1,2025-10-01,2026-02-01,0.35277603999999996,3.5277603999999996,1.3919577295186893,0.3961915743478635,31
/Users/carlaherrera/Desktop/market-sentiment-lab/user_data/backtest_results/backtest-result-2026-02-20_13-01-07.meta.json,2026-02-20T16:01:06+00:00,Strat19VolCompressionBreakout_4h_v1,2025-09-01,2025-12-31,0.688387593,6.88387593,1.8322003391645014,0.34069375111913525,31
/Users/carlaherrera/Desktop/market-sentiment-lab/user_data/backtest_results/backtest-result-2026-02-20_13-01-03.meta.json,2026-02-20T16:01:03+00:00,Strat19VolCompressionBreakout_4h_v1,2025-07-01,2025-10-31,1.6146716380000001,16.14671638,1.948988829234356,0.41718832155497443,66
/Users/carlaherrera/Desktop/market-sentiment-lab/user_data/backtest_results/backtest-result-2026-02-20_13-00-59.meta.json,2026-02-20T16:00:59+00:00,Strat19VolCompressionBreakout_4h_v1,2025-05-01,2025-08-31,0.45992106100000024,4.599210610000002,1.1783963179510042,0.9175488570143973,68
/Users/carlaherrera/Desktop/market-sentiment-lab/user_data/backtest_results/backtest-result-2026-02-20_13-00-56.meta.json,2026-02-20T16:00:55+00:00,Strat19VolCompressionBreakout_4h_v1,2025-03-01,2025-06-30,-0.586096818,-5.86096818,0.6514927189883953,0.9184340702430336,42
/Users/carlaherrera/Desktop/market-sentiment-lab/user_data/backtest_results/backtest-result-2026-02-20_13-00-52.meta.json,2026-02-20T16:00:52+00:00,Strat19VolCompressionBreakout_4h_v1,2025-01-01,2025-04-30,0.199932771,1.9993277100000002,1.3271721714575735,0.15245942901871248,26
/Users/carlaherrera/Desktop/market-sentiment-lab/user_data/backtest_results/backtest-result-2026-02-20_13-00-22.meta.json,2026-02-20T16:00:21+00:00,Strat19VolCompressionBreakout_4h_v1,2025-01-01,2026-02-01,-1.319493107,-13.194931069999999,0.8530668135232952,2.834443134000003,199
/Users/carlaherrera/Desktop/market-sentiment-lab/user_data/backtest_results/backtest-result-2026-02-20_12-59-05.meta.json,2026-02-20T15:59:04+00:00,Strat19VolCompressionBreakout_4h_v1,2025-01-01,2026-02-01,0.46406330199999973,4.640633019999997,1.0817094877574038,1.3581098089999954,157
/Users/carlaherrera/Desktop/market-sentiment-lab/user_data/backtest_results/backtest-result-2026-02-20_12-58-18.meta.json,2026-02-20T15:58:18+00:00,Strat19VolCompressionBreakout_4h_v1,2025-01-01,2026-02-01,1.1785968269999998,11.785968269999998,1.2663356817810072,0.9430846514807856,142
/Users/carlaherrera/Desktop/market-sentiment-lab/user_data/backtest_results/backtest-result-2026-02-20_12-58-02.meta.json,2026-02-20T15:58:01+00:00,Strat19VolCompressionBreakout_4h_v1,2025-01-01,2026-02-01,0.6585819990000001,6.585819990000001,1.2440057919280956,0.8228074751952739,107
/Users/carlaherrera/Desktop/market-sentiment-lab/user_data/backtest_results/backtest-result-2026-02-20_12-43-54.meta.json,2026-02-20T15:43:53+00:00,Strat19VolCompressionBreakout_4h_v1,2025-01-01,2026-02-01,1.1785968269999998,11.785968269999998,1.2663356817810072,0.9430846514807856,142
/Users/carlaherrera/Desktop/market-sentiment-lab/user_data/backtest_results/backtest-result-2026-02-20_12-43-50.meta.json,2026-02-20T15:43:50+00:00,Strat03RSIBBMeanReversion_v3c,2025-01-01,2026-02-01,-0.17377489299999996,-1.7377489299999997,0.39473636153840636,0.17377489299999524,5
/Users/carlaherrera/Desktop/market-sentiment-lab/user_data/backtest_results/backtest-result-2026-02-20_12-43-46.meta.json,2026-02-20T15:43:46+00:00,Strat03RSIBBMeanReversion_v3c,2025-01-01,2026-02-01,-0.07496954899999998,-0.7496954899999998,0.6018627655872661,0.12402985799999443,4
/Users/carlaherrera/Desktop/market-sentiment-lab/user_data/backtest_results/backtest-result-2026-02-20_12-43-43.meta.json,2026-02-20T15:43:42+00:00,Strat03RSIBBMeanReversion_v3c,2025-01-01,2026-02-01,-0.14666593699999997,-1.4666593699999997,0.7744153838948983,0.29785411000000295,23
/Users/carlaherrera/Desktop/market-sentiment-lab/user_data/backtest_results/backtest-result-2026-02-20_12-43-38.meta.json,2026-02-20T15:43:38+00:00,Strat03RSIBBMeanReversion_v3c,2025-01-01,2026-02-01,-0.38678508600000006,-3.8678508600000003,0.4050918234648534,0.4667582390000007,19
/Users/carlaherrera/Desktop/market-sentiment-lab/user_data/backtest_results/backtest-result-2026-02-20_12-08-48.meta.json,2026-02-20T15:08:47+00:00,Strat03RSIBBMeanReversion_v3c,2025-01-01,2026-02-01,0.084115396,0.84115396,1.3318014119340948,0.18717632899999898,21
/Users/carlaherrera/Desktop/market-sentiment-lab/user_data/backtest_results/backtest-result-2026-02-20_12-07-19.meta.json,2026-02-20T15:07:18+00:00,Strat03RSIBBMeanReversion_v3c,2025-01-01,2026-02-01,0.025078504,0.25078504,1.0648121831823227,0.28173773400000074,27
/Users/carlaherrera/Desktop/market-sentiment-lab/user_data/backtest_results/backtest-result-2026-02-20_12-07-14.meta.json,2026-02-20T15:07:14+00:00,Strat03RSIBBMeanReversion_v3c,2025-01-01,2026-02-01,0.15344450899999998,1.5344450899999997,1.4275834249224542,0.2638488339999981,27
/Users/carlaherrera/Desktop/market-sentiment-lab/user_data/backtest_results/backtest-result-2026-02-20_12-07-10.meta.json,2026-02-20T15:07:09+00:00,Strat03RSIBBMeanReversion_v3c,2025-01-01,2026-02-01,0.18315285199999998,1.83152852,1.5490820965293062,0.24595993499999624,27
/Users/carlaherrera/Desktop/market-sentiment-lab/user_data/backtest_results/backtest-result-2026-02-20_12-06-34.meta.json,2026-02-20T15:06:33+00:00,Strat03RSIBBMeanReversion_v3c,2025-03-01,2025-06-30,-0.07351171399999998,-0.7351171399999997,0.6771212692904564,0.1854085009999949,13
/Users/carlaherrera/Desktop/market-sentiment-lab/user_data/backtest_results/backtest-result-2026-02-20_12-06-30.meta.json,2026-02-20T15:06:29+00:00,Strat03RSIBBMeanReversion_v3c,2025-10-01,2026-02-01,0.29654948200000003,2.9654948200000004,11.73846559859274,0.027611884338650566,9
/Users/carlaherrera/Desktop/market-sentiment-lab/user_data/backtest_results/backtest-result-2026-02-20_12-06-26.meta.json,2026-02-20T15:06:25+00:00,Strat03RSIBBMeanReversion_v3c,2025-08-01,2025-11-30,0.11240419800000001,1.12404198,1.8587472444238846,0.0834171966720993,8
/Users/carlaherrera/Desktop/market-sentiment-lab/user_data/backtest_results/backtest-result-2026-02-20_12-06-22.meta.json,2026-02-20T15:06:21+00:00,Strat03RSIBBMeanReversion_v3c,2025-06-01,2025-09-30,0.084542069,0.84542069,1.5448070819217712,0.08340514870044786,8
/Users/carlaherrera/Desktop/market-sentiment-lab/user_data/backtest_results/backtest-result-2026-02-20_12-06-18.meta.json,2026-02-20T15:06:18+00:00,Strat03RSIBBMeanReversion_v3c,2025-04-01,2025-07-31,0.073494751,0.73494751,1.5224435567293062,0.0743400700000052,12
/Users/carlaherrera/Desktop/market-sentiment-lab/user_data/backtest_results/backtest-result-2026-02-20_12-06-14.meta.json,2026-02-20T15:06:14+00:00,Strat03RSIBBMeanReversion_v3c,2025-02-01,2025-05-31,-0.052027460999999976,-0.5202746099999997,0.7476742865362949,0.1854085009999949,12
/Users/carlaherrera/Desktop/market-sentiment-lab/user_data/backtest_results/backtest-result-2026-02-20_12-06-10.meta.json,2026-02-20T15:06:10+00:00,Strat03RSIBBMeanReversion_v3c,2025-03-01,2025-06-30,-0.018656114000000005,-0.18656114000000004,0.89204907529222,0.13055290099999864,12
/Users/carlaherrera/Desktop/market-sentiment-lab/user_data/backtest_results/backtest-result-2026-02-20_12-06-06.meta.json,2026-02-20T15:06:06+00:00,Strat03RSIBBMeanReversion_v3c,2025-10-01,2026-02-01,0.18295356599999998,1.82953566,9.60269741853576,0.02126411620861697,6
/Users/carlaherrera/Desktop/market-sentiment-lab/user_data/backtest_results/backtest-result-2026-02-20_12-06-03.meta.json,2026-02-20T15:06:02+00:00,Strat03RSIBBMeanReversion_v3c,2025-08-01,2025-11-30,0.16222588000000002,1.6222588000000002,8.628056613532705,0.021238652400239585,5
/Users/carlaherrera/Desktop/market-sentiment-lab/user_data/backtest_results/backtest-result-2026-02-20_12-05-59.meta.json,2026-02-20T15:05:59+00:00,Strat03RSIBBMeanReversion_v3c,2025-06-01,2025-09-30,0.134363751,1.34363751,3.949693628775965,0.045551765000004706,5
/Users/carlaherrera/Desktop/market-sentiment-lab/user_data/backtest_results/backtest-result-2026-02-20_12-05-55.meta.json,2026-02-20T15:05:55+00:00,Strat03RSIBBMeanReversion_v3c,2025-04-01,2025-07-31,0.073494751,0.73494751,1.5224435567293062,0.0743400700000052,12
/Users/carlaherrera/Desktop/market-sentiment-lab/user_data/backtest_results/backtest-result-2026-02-20_12-05-51.meta.json,2026-02-20T15:05:51+00:00,Strat03RSIBBMeanReversion_v3c,2025-02-01,2025-05-31,0.002828138999999996,0.028281389999999962,1.0186878048566783,0.13055290099999864,11
/Users/carlaherrera/Desktop/market-sentiment-lab/user_data/backtest_results/backtest-result-2026-02-20_12-04-34.meta.json,2026-02-20T15:04:32+00:00,Strat03RSIBBMeanReversion_v3c,2025-01-01,2026-02-01,0.02165179000000005,0.21651790000000048,1.0187768939261388,0.4699612788254139,55
/Users/carlaherrera/Desktop/market-sentiment-lab/user_data/backtest_results/backtest-result-2026-02-20_12-04-28.meta.json,2026-02-20T15:04:27+00:00,Strat03RSIBBMeanReversion_v3c,2025-01-01,2026-02-01,0.02165179000000005,0.21651790000000048,1.0187768939261388,0.4699612788254139,55
/Users/carlaherrera/Desktop/market-sentiment-lab/user_data/backtest_results/backtest-result-2026-02-20_12-04-23.meta.json,2026-02-20T15:04:22+00:00,Strat03RSIBBMeanReversion_v3c,2025-01-01,2026-02-01,0.02165179000000005,0.21651790000000048,1.0187768939261388,0.4699612788254139,55
/Users/carlaherrera/Desktop/market-sentiment-lab/user_data/backtest_results/backtest-result-2026-02-20_12-04-17.meta.json,2026-02-20T15:04:16+00:00,Strat03RSIBBMeanReversion_v3c,2025-01-01,2026-02-01,0.034695479000000015,0.3469547900000002,1.0385240090412597,0.26784741195588874,45
/Users/carlaherrera/Desktop/market-sentiment-lab/user_data/backtest_results/backtest-result-2026-02-20_12-04-12.meta.json,2026-02-20T15:04:11+00:00,Strat03RSIBBMeanReversion_v3c,2025-01-01,2026-02-01,0.140639995,1.40639995,1.2530298094331938,0.3585956549999992,34
/Users/carlaherrera/Desktop/market-sentiment-lab/user_data/backtest_results/backtest-result-2026-02-20_12-04-07.meta.json,2026-02-20T15:04:06+00:00,Strat03RSIBBMeanReversion_v3c,2025-01-01,2026-02-01,0.18315285199999998,1.83152852,1.5490820965293062,0.24595993499999624,27
/Users/carlaherrera/Desktop/market-sentiment-lab/user_data/backtest_results/backtest-result-2026-02-20_11-46-13.meta.json,2026-02-20T14:46:13+00:00,Strat03RSIBBMeanReversion_v3c,2025-11-01,2026-02-01,0.238996631,2.38996631,0.0,0.0,4
/Users/carlaherrera/Desktop/market-sentiment-lab/user_data/backtest_results/backtest-result-2026-02-20_11-46-11.meta.json,2026-02-20T14:46:11+00:00,Strat03RSIBBMeanReversion_v3c,2025-06-01,2025-09-30,0.134363751,1.34363751,3.949693628775965,0.045551765000004706,5
/Users/carlaherrera/Desktop/market-sentiment-lab/user_data/backtest_results/backtest-result-2026-02-20_11-46-05.meta.json,2026-02-20T14:46:05+00:00,Strat03RSIBBMeanReversion_v3c,2025-09-01,2025-12-31,0.123516844,1.23516844,0.0,0.0,3
/Users/carlaherrera/Desktop/market-sentiment-lab/user_data/backtest_results/backtest-result-2026-02-20_11-46-01.meta.json,2026-02-20T14:46:01+00:00,Strat03RSIBBMeanReversion_v3c,2025-11-01,2026-02-01,0.0,0.0,0.0,0.0,0
/Users/carlaherrera/Desktop/market-sentiment-lab/user_data/backtest_results/backtest-result-2026-02-20_11-45-20.meta.json,2026-02-20T14:45:19+00:00,Strat03RSIBBMeanReversion_v3c,2025-09-01,2025-12-31,0.11142269799999999,1.1142269799999998,1.851248766294073,0.08346722700000554,8
/Users/carlaherrera/Desktop/market-sentiment-lab/user_data/backtest_results/backtest-result-2026-02-20_11-44-53.meta.json,2026-02-20T14:44:53+00:00,Strat03RSIBBMeanReversion_v3c,2025-06-01,2025-09-30,0.084542069,0.84542069,1.5448070819217712,0.08340514870044786,8
/Users/carlaherrera/Desktop/market-sentiment-lab/user_data/backtest_results/backtest-result-2026-02-20_11-43-56.meta.json,2026-02-20T14:43:56+00:00,Strat03RSIBBMeanReversion_v3c,2025-11-01,2026-02-01,0.0,0.0,0.0,0.0,0
/Users/carlaherrera/Desktop/market-sentiment-lab/user_data/backtest_results/backtest-result-2026-02-20_11-43-43.meta.json,2026-02-20T14:43:42+00:00,Strat03RSIBBMeanReversion_v3c,2025-09-01,2025-12-31,0.11142269799999999,1.1142269799999998,1.851248766294073,0.08346722700000554,8
/Users/carlaherrera/Desktop/market-sentiment-lab/user_data/backtest_results/backtest-result-2026-02-20_11-31-54.meta.json,2026-02-20T14:31:53+00:00,Strat03RSIBBMeanReversion_v3c,2025-01-01,2026-02-01,0.048288500000000005,0.48288500000000006,1.1180715294703052,0.32419914099999686,27
/Users/carlaherrera/Desktop/market-sentiment-lab/user_data/backtest_results/backtest-result-2026-02-20_11-31-24.meta.json,2026-02-20T14:31:23+00:00,Strat03RSIBBMeanReversion_v3c,2025-01-01,2026-02-01,0.16035472100000003,1.6035472100000003,1.2988653892307762,0.3148338930000023,34
/Users/carlaherrera/Desktop/market-sentiment-lab/user_data/backtest_results/backtest-result-2026-02-20_11-31-23.meta.json,2026-02-20T14:31:22+00:00,Strat03RSIBBMeanReversion_v3c,2025-01-01,2026-02-01,0.068273134,0.6827313399999999,1.3254984288306109,0.17522529200000464,19
/Users/carlaherrera/Desktop/market-sentiment-lab/user_data/backtest_results/backtest-result-2026-02-20_09-44-49.meta.json,2026-02-20T12:44:48+00:00,Strat18RSIBBRegimeReclaim_v1,2025-01-01,2026-02-01,-1.16084009,-11.6084009,0.602440506456234,1.2815160971160988,184
/Users/carlaherrera/Desktop/market-sentiment-lab/user_data/backtest_results/backtest-result-2026-02-20_09-30-06.meta.json,2026-02-20T12:30:04+00:00,Strat17HTFTrendLTFReversion_v1,2025-01-01,2026-02-01,-6.865219531999999,-68.65219532,0.530081391044602,6.904643583000006,809
/Users/carlaherrera/Desktop/market-sentiment-lab/user_data/backtest_results/backtest-result-2026-02-20_09-04-33.meta.json,2026-02-20T12:04:31+00:00,Strat16DailyRegimeHourlyPullback_v1,2025-01-01,2026-02-01,-5.917034426,-59.17034426,0.6353822838343364,5.964355832000001,814
/Users/carlaherrera/Desktop/market-sentiment-lab/user_data/backtest_results/backtest-result-2026-02-20_08-57-55.meta.json,2026-02-20T11:57:54+00:00,Strat07DonchianPullbackTrend_v1,2025-01-01,2026-02-01,-3.182147101,-31.821471009999996,0.5187590137982752,3.2642370755931434,249
/Users/carlaherrera/Desktop/market-sentiment-lab/user_data/backtest_results/backtest-result-2026-02-20_08-57-50.meta.json,2026-02-20T11:57:49+00:00,Strat06VolCompressionBreakout_v1,2025-01-01,2026-02-01,-2.012635378,-20.126353780000002,0.6089783919773005,2.1735815674820858,213
/Users/carlaherrera/Desktop/market-sentiment-lab/user_data/backtest_results/backtest-result-2026-02-20_08-56-30.meta.json,2026-02-20T11:56:30+00:00,Strat03RSIBBMeanReversion_v3c,2025-01-01,2026-02-01,0.07948262199999996,0.7948262199999997,1.1873360457101463,0.3395007950000035,22
/Users/carlaherrera/Desktop/market-sentiment-lab/user_data/backtest_results/backtest-result-2026-02-20_08-33-05.meta.json,2026-02-20T11:33:04+00:00,Strat03RSIBBMeanReversion_v3c,2025-01-01,2026-02-01,0.15611712600000002,1.56117126,1.2164235838181934,0.21763206221214987,43
/Users/carlaherrera/Desktop/market-sentiment-lab/user_data/backtest_results/backtest-result-2026-02-20_07-51-45.meta.json,2026-02-20T10:51:43+00:00,Strat05DonchianBreakout_v1,2025-01-01,2026-02-01,-9.424478459,-94.24478459,0.7117983809792336,9.713966455168524,1121
/Users/carlaherrera/Desktop/market-sentiment-lab/user_data/backtest_results/backtest-result-2026-02-20_07-51-40.meta.json,2026-02-20T10:51:37+00:00,Strat04TrendPullback_v2,2025-01-01,2026-02-01,-11.136293278,-111.36293278,0.6236485697506895,11.225923754629626,1378
/Users/carlaherrera/Desktop/market-sentiment-lab/user_data/backtest_results/backtest-result-2026-02-20_07-51-06.meta.json,2026-02-20T10:51:05+00:00,Strat03RSIBBMeanReversion_v3c,2025-01-01,2026-02-01,0.07948262199999996,0.7948262199999997,1.1873360457101463,0.3395007950000035,22
/Users/carlaherrera/Desktop/market-sentiment-lab/user_data/backtest_results/backtest-result-2026-02-20_07-47-23.meta.json,2026-02-20T10:47:22+00:00,Strat04TrendPullback_v1,2025-01-01,2026-02-01,-4.397352762,-43.97352762,0.6506936228975316,4.9851589003680115,557
/Users/carlaherrera/Desktop/market-sentiment-lab/user_data/backtest_results/backtest-result-2026-02-20_07-46-49.meta.json,2026-02-20T10:46:48+00:00,Strat03RSIBBMeanReversion_v3c,2025-01-05,2026-02-01,-0.649737781,-6.49737781,0.1682442797393629,0.6650744450000048,48
/Users/carlaherrera/Desktop/market-sentiment-lab/user_data/backtest_results/backtest-result-2026-02-20_07-46-40.meta.json,2026-02-20T10:46:40+00:00,Strat03RSIBBMeanReversion_v3c,2025-01-01,2026-02-01,0.07948262199999996,0.7948262199999997,1.1873360457101463,0.3395007950000035,22
/Users/carlaherrera/Desktop/market-sentiment-lab/user_data/backtest_results/backtest-result-2026-02-20_05-08-03.meta.json,2026-02-20T08:08:03+00:00,Strat03RSIBBMeanReversion_v3c,2025-10-01,2026-02-01,0.25432755,2.5432755,2.5079456778814744,0.06089723896822262,13
/Users/carlaherrera/Desktop/market-sentiment-lab/user_data/backtest_results/backtest-result-2026-02-20_05-07-05.meta.json,2026-02-20T08:07:04+00:00,Strat03RSIBBMeanReversion_v3c,2025-01-09,2025-09-30,-0.23838524400000005,-2.3838524400000005,0.7062368388283389,0.42093026333246547,37
/Users/carlaherrera/Desktop/market-sentiment-lab/user_data/backtest_results/backtest-result-2026-02-20_05-02-58.meta.json,2026-02-20T08:02:57+00:00,Strat03RSIBBMeanReversion_v3c,2025-01-09,2026-02-01,0.134995635,1.3499563500000002,1.1821444417640015,0.28327824792508693,41
/Users/carlaherrera/Desktop/market-sentiment-lab/user_data/backtest_results/backtest-result-2026-02-20_05-02-59.meta.json,2026-02-20T08:02:57+00:00,Strat03RSIBBMeanReversion_v3c,2025-01-09,2026-02-01,-0.07294028800000002,-0.7294028800000002,0.9353370441933866,0.42093026333246547,53
/Users/carlaherrera/Desktop/market-sentiment-lab/user_data/backtest_results/backtest-result-2026-02-20_05-02-57.meta.json,2026-02-20T08:02:56+00:00,Strat03RSIBBMeanReversion_v3c,2025-01-09,2026-02-01,0.177000124,1.77000124,1.5416809985055304,0.2419832929999984,20
/Users/carlaherrera/Desktop/market-sentiment-lab/user_data/backtest_results/backtest-result-2026-02-20_04-52-35.meta.json,2026-02-20T07:52:35+00:00,Strat03RSIBBMeanReversion_v4c,2025-01-09,2026-02-01,0.05344184999999999,0.5344184999999999,1.5870316069548183,0.056513219999999365,8
/Users/carlaherrera/Desktop/market-sentiment-lab/user_data/backtest_results/backtest-result-2026-02-20_04-52-23.meta.json,2026-02-20T07:52:23+00:00,Strat03RSIBBMeanReversion_v4b,2025-01-09,2026-02-01,-0.04785225799999999,-0.4785225799999999,0.8585933950203272,0.30387764700000164,19
/Users/carlaherrera/Desktop/market-sentiment-lab/user_data/backtest_results/backtest-result-2026-02-20_04-52-24.meta.json,2026-02-20T07:52:23+00:00,Strat03RSIBBMeanReversion_v4a,2025-01-09,2026-02-01,-0.10308216,-1.0308216000000001,0.596322615244561,0.18990630099999634,17
/Users/carlaherrera/Desktop/market-sentiment-lab/user_data/backtest_results/backtest-result-2026-02-20_04-47-51.meta.json,2026-02-20T07:47:51+00:00,Strat03RSIBBMeanReversion_v3c,2025-01-09,2026-02-01,0.05344184999999999,0.5344184999999999,1.5870316069548183,0.056513219999999365,8
/Users/carlaherrera/Desktop/market-sentiment-lab/user_data/backtest_results/backtest-result-2026-02-20_04-47-52.meta.json,2026-02-20T07:47:51+00:00,Strat03RSIBBMeanReversion_v3a,2025-01-09,2026-02-01,0.04080231200000001,0.4080231200000001,1.2943640798286884,0.07857949000000418,8
/Users/carlaherrera/Desktop/market-sentiment-lab/user_data/backtest_results/backtest-result-2026-02-20_04-41-26.meta.json,2026-02-20T07:41:25+00:00,Strat03RSIBBMeanReversion_v2,2025-01-03,2026-02-01,-2.4873936970000003,-24.873936970000003,0.4145698413339011,2.5061289128682103,324
/Users/carlaherrera/Desktop/market-sentiment-lab/user_data/backtest_results/backtest-result-2026-02-20_04-41-25.meta.json,2026-02-20T07:41:24+00:00,Strat03RSIBBMeanReversion_v2,2025-01-09,2026-02-01,-0.16109061700000002,-1.6109061700000002,0.8784220676676361,0.5596859455240337,72
/Users/carlaherrera/Desktop/market-sentiment-lab/user_data/backtest_results/backtest-result-2026-02-20_04-36-05.meta.json,2026-02-20T07:36:02+00:00,Strat03RSIBBMeanReversion_v2,2025-01-01,2026-02-01,-7.287889423999999,-72.87889424,0.21483911930283872,7.3083191496753965,1080
/Users/carlaherrera/Desktop/market-sentiment-lab/user_data/backtest_results/backtest-result-2026-02-20_04-33-17.meta.json,2026-02-20T07:32:57+00:00,Strat02DonchianTurtle,2025-01-01,2026-02-01,-96.97291756700001,-969.72917567,0.16947767020435361,96.97331527685347,11053
/Users/carlaherrera/Desktop/market-sentiment-lab/user_data/backtest_results/backtest-result-2026-02-20_04-30-54.meta.json,2026-02-20T07:30:50+00:00,Strat03RSIBBMeanReversion,2025-01-01,2026-02-01,-10.763209113,-107.63209112999999,0.21971894069650694,10.763209113000016,1558
/Users/carlaherrera/Desktop/market-sentiment-lab/user_data/backtest_results/backtest-result-2026-02-20_04-22-05.meta.json,2026-02-20T07:22:05+00:00,Strat03RSIBBMeanReversion,2026-01-01,2026-01-10,0.037942662000000016,0.37942662000000016,1.3833042794122459,0.062242673131851306,6
/Users/carlaherrera/Desktop/market-sentiment-lab/user_data/backtest_results/backtest-result-2026-02-19_21-01-14.meta.json,2026-02-20T00:01:13+00:00,Strat04FundingCarryFutures,2026-01-01,2026-02-19,0.0,0.0,0.0,0.0,0
/Users/carlaherrera/Desktop/market-sentiment-lab/user_data/backtest_results/backtest-result-2026-02-19_21-01-22.meta.json,2026-02-20T00:01:13+00:00,Strat04FundingCarryFutures,2026-01-01,2026-02-19,0.0,0.0,0.0,0.0,0
/Users/carlaherrera/Desktop/market-sentiment-lab/user_data/backtest_results/backtest-result-2026-02-19_21-01-06.meta.json,2026-02-20T00:01:05+00:00,Strat04FundingCarryFutures,2026-01-01,2026-02-19,0.0,0.0,0.0,0.0,0
/Users/carlaherrera/Desktop/market-sentiment-lab/user_data/backtest_results/backtest-result-2026-02-19_21-00-41.meta.json,2026-02-20T00:00:40+00:00,Strat04FundingCarryFutures,2026-01-01,2026-02-19,0.0,0.0,0.0,0.0,0
/Users/carlaherrera/Desktop/market-sentiment-lab/user_data/backtest_results/backtest-result-2026-02-19_20-53-36.meta.json,2026-02-19T23:53:35+00:00,Strat01RegimeMACross,2026-01-01,2026-02-19,-2.961919416,-29.61919416,0.18250488931818876,2.9619194160000006,417
/Users/carlaherrera/Desktop/market-sentiment-lab/user_data/backtest_results/backtest-result-2026-02-19_20-57-27.meta.json,2026-02-19T23:53:35+00:00,Strat01RegimeMACross,2026-01-01,2026-02-19,-2.961919416,-29.61919416,0.18250488931818876,2.9619194160000006,417
/Users/carlaherrera/Desktop/market-sentiment-lab/user_data/backtest_results/backtest-result-2026-02-19_20-58-03.meta.json,2026-02-19T23:53:35+00:00,Strat01RegimeMACross,2026-01-01,2026-02-19,-2.961919416,-29.61919416,0.18250488931818876,2.9619194160000006,417
/Users/carlaherrera/Desktop/market-sentiment-lab/user_data/backtest_results/backtest-result-2026-02-19_20-58-39.meta.json,2026-02-19T23:53:35+00:00,Strat01RegimeMACross,2026-01-01,2026-02-19,-2.961919416,-29.61919416,0.18250488931818876,2.9619194160000006,417
/Users/carlaherrera/Desktop/market-sentiment-lab/user_data/backtest_results/backtest-result-2026-02-19_19-56-05.meta.json,2026-02-19T22:56:04+00:00,Strat02DonchianTurtle,2026-01-20,2026-02-19,-2.417186688,-24.17186688,0.15870601053344371,2.4171866880000037,225
/Users/carlaherrera/Desktop/market-sentiment-lab/user_data/backtest_results/backtest-result-2026-02-19_19-26-22.meta.json,2026-02-19T22:26:22+00:00,HighTradeRsiStrategy,2026-01-20,2026-02-19,-21.793322126666666,-32.68998319,0.33119250699893943,21.871185960000012,390
/Users/carlaherrera/Desktop/market-sentiment-lab/user_data/backtest_results/backtest-result-2026-02-19_19-23-49.meta.json,2026-02-19T22:23:45+00:00,HighTradeRsiStrategy,2025-01-01,2026-01-01,-21.396082952,-213.96082952,0.20738939552514685,21.39608295199996,3851
/Users/carlaherrera/Desktop/market-sentiment-lab/user_data/backtest_results/backtest-result-2026-02-19_16-39-10.meta.json,2026-02-19T19:39:10+00:00,SampleStrategy,2026-01-21,2026-02-19,-0.2701975920000001,-2.7019759200000006,0.5566786215964789,0.6090770806260286,8
/Users/carlaherrera/Desktop/market-sentiment-lab/user_data/backtest_results/backtest-result-2026-02-19_16-09-15.meta.json,2026-02-19T19:09:15+00:00,SampleStrategy,2026-01-22,2026-02-19,-0.822660737,-8.22660737,0.09705060756582336,0.9108150275228165,6
