feature,metric,score,p_value,n_effective,best_lag
close,pearson,-0.005496235393806217,0.7944715951235205,2249,
close,spearman,-0.011950953290430385,0.5710793209557881,2249,
coverage_signal_fng_classification,pearson,-0.002693978581287504,0.8983963386565035,2249,
coverage_signal_fng_classification,spearman,-0.008089140973830745,0.7014162545462391,2249,
coverage_signal_fng_extremeness,pearson,-0.002693978581287504,0.8983963386565035,2249,
coverage_signal_fng_extremeness,spearman,-0.008089140973830745,0.7014162545462391,2249,
coverage_signal_fng_is_extreme_fear,pearson,-0.002693978581287504,0.8983963386565035,2249,
coverage_signal_fng_is_extreme_fear,spearman,-0.008089140973830745,0.7014162545462391,2249,
coverage_signal_fng_is_extreme_greed,pearson,-0.002693978581287504,0.8983963386565035,2249,
coverage_signal_fng_is_extreme_greed,spearman,-0.008089140973830745,0.7014162545462391,2249,
coverage_signal_fng_regime,pearson,-0.002693978581287504,0.8983963386565035,2249,
coverage_signal_fng_regime,spearman,-0.008089140973830745,0.7014162545462391,2249,
coverage_signal_fng_value,pearson,-0.002693978581287504,0.8983963386565035,2249,
coverage_signal_fng_value,spearman,-0.008089140973830745,0.7014162545462391,2249,
coverage_signal_fng_value_delta,pearson,-0.002693978581287504,0.8983963386565035,2249,
coverage_signal_fng_value_delta,spearman,-0.008089140973830745,0.7014162545462391,2249,
coverage_signal_fng_value_pct_change,pearson,-0.002693978581287504,0.8983963386565035,2249,
coverage_signal_fng_value_pct_change,spearman,-0.008089140973830745,0.7014162545462391,2249,
coverage_signal_fng_value_zscore_30d,pearson,-0.028621160183017927,0.1748312733983319,2249,
coverage_signal_fng_value_zscore_30d,spearman,-0.021222529615789236,0.3144141253779981,2249,
coverage_signal_onchain_btc_median_fee_rate,pearson,,,2249,
coverage_signal_onchain_btc_median_fee_rate,spearman,,,2249,
coverage_signal_onchain_btc_mempool_vbytes,pearson,,,2249,
coverage_signal_onchain_btc_mempool_vbytes,spearman,,,2249,
coverage_signal_onchain_eth_defi_tvl_total,pearson,,,2249,
coverage_signal_onchain_eth_defi_tvl_total,spearman,,,2249,
coverage_signal_onchain_eth_defi_tvl_total_pct_change_7d,pearson,-0.03256183649242017,0.12264864107069598,2249,
coverage_signal_onchain_eth_defi_tvl_total_pct_change_7d,spearman,-0.03321989488337235,0.1152641544584234,2249,
coverage_signal_onchain_eth_defi_tvl_total_zscore_90d,pearson,0.012081556712035889,0.566879288835188,2249,
coverage_signal_onchain_eth_defi_tvl_total_zscore_90d,spearman,0.007975472623001214,0.7054145893621241,2249,
coverage_signal_onchain_eth_l2_tvl_total,pearson,-0.04802473078190178,0.022753121670555848,2249,
coverage_signal_onchain_eth_l2_tvl_total,spearman,-0.05118785755172539,0.015192574771812304,2249,
coverage_signal_onchain_eth_l2_tvl_total_pct_change_7d,pearson,-0.04576183201882168,0.029997587669218527,2249,
coverage_signal_onchain_eth_l2_tvl_total_pct_change_7d,spearman,-0.04715568687020892,0.025332499980527976,2249,
coverage_signal_onchain_eth_l2_tvl_total_zscore_90d,pearson,-0.05204156027641892,0.013575653782924984,2249,
coverage_signal_onchain_eth_l2_tvl_total_zscore_90d,spearman,-0.05543060188980515,0.008556585856290684,2249,
coverage_signal_onchain_eth_stablecoin_supply,pearson,,,2249,
coverage_signal_onchain_eth_stablecoin_supply,spearman,,,2249,
coverage_signal_onchain_eth_stablecoin_supply_pct_change_7d,pearson,-0.03256183649242017,0.12264864107069598,2249,
coverage_signal_onchain_eth_stablecoin_supply_pct_change_7d,spearman,-0.03321989488337235,0.1152641544584234,2249,
coverage_signal_onchain_eth_stablecoin_supply_zscore_30d,pearson,-0.028609011307547786,0.17501445979100913,2249,
coverage_signal_onchain_eth_stablecoin_supply_zscore_30d,spearman,-0.020055348089957258,0.3417749109183207,2249,
coverage_signal_reddit_btc_mention_count,pearson,,,2249,
coverage_signal_reddit_btc_mention_count,spearman,,,2249,
coverage_signal_reddit_btc_mention_delta,pearson,,,2249,
coverage_signal_reddit_btc_mention_delta,spearman,,,2249,
coverage_signal_reddit_comment_count,pearson,,,2249,
coverage_signal_reddit_comment_count,spearman,,,2249,
coverage_signal_reddit_comment_count_delta_log1p,pearson,,,2249,
coverage_signal_reddit_comment_count_delta_log1p,spearman,,,2249,
coverage_signal_reddit_comment_count_log1p,pearson,,,2249,
coverage_signal_reddit_comment_count_log1p,spearman,,,2249,
coverage_signal_reddit_neg_minus_pos,pearson,-0.016186697273313937,0.442929723051661,2249,
coverage_signal_reddit_neg_minus_pos,spearman,-0.025631856338764893,0.22433583814243538,2249,
coverage_signal_reddit_neg_sentiment_flag,pearson,,,2249,
coverage_signal_reddit_neg_sentiment_flag,spearman,,,2249,
coverage_signal_reddit_negative_ratio,pearson,-0.016186697273313937,0.442929723051661,2249,
coverage_signal_reddit_negative_ratio,spearman,-0.025631856338764893,0.22433583814243538,2249,
coverage_signal_reddit_positive_ratio,pearson,-0.016186697273313937,0.442929723051661,2249,
coverage_signal_reddit_positive_ratio,spearman,-0.025631856338764893,0.22433583814243538,2249,
coverage_signal_reddit_post_count,pearson,,,2249,
coverage_signal_reddit_post_count,spearman,,,2249,
coverage_signal_reddit_post_count_delta,pearson,,,2249,
coverage_signal_reddit_post_count_delta,spearman,,,2249,
coverage_signal_reddit_post_count_delta_log1p,pearson,,,2249,
coverage_signal_reddit_post_count_delta_log1p,spearman,,,2249,
coverage_signal_reddit_post_count_log1p,pearson,,,2249,
coverage_signal_reddit_post_count_log1p,spearman,,,2249,
coverage_signal_reddit_post_count_zscore_7d,pearson,-0.021106521698433658,0.31706729258686206,2249,
coverage_signal_reddit_post_count_zscore_7d,spearman,-0.021622990155053947,0.3053677782481561,2249,
coverage_signal_reddit_score_mean,pearson,-0.016186697273313937,0.442929723051661,2249,
coverage_signal_reddit_score_mean,spearman,-0.025631856338764893,0.22433583814243538,2249,
coverage_signal_reddit_score_sum,pearson,,,2249,
coverage_signal_reddit_score_sum,spearman,,,2249,
coverage_signal_reddit_score_sum_delta_log1p,pearson,,,2249,
coverage_signal_reddit_score_sum_delta_log1p,spearman,,,2249,
coverage_signal_reddit_score_sum_log1p,pearson,,,2249,
coverage_signal_reddit_score_sum_log1p,spearman,,,2249,
coverage_signal_reddit_sentiment_defined,pearson,,,2249,
coverage_signal_reddit_sentiment_defined,spearman,,,2249,
coverage_signal_reddit_sentiment_delta,pearson,,,2249,
coverage_signal_reddit_sentiment_delta,spearman,,,2249,
coverage_signal_reddit_sentiment_finbert_mean,pearson,-0.016186697273313937,0.442929723051661,2249,
coverage_signal_reddit_sentiment_finbert_mean,spearman,-0.025631856338764893,0.22433583814243538,2249,
coverage_signal_reddit_sentiment_finbert_std,pearson,-0.016186697273313937,0.442929723051661,2249,
coverage_signal_reddit_sentiment_finbert_std,spearman,-0.025631856338764893,0.22433583814243538,2249,
coverage_signal_reddit_title_sentiment,pearson,-0.016186697273313937,0.442929723051661,2249,
coverage_signal_reddit_title_sentiment,spearman,-0.025631856338764893,0.22433583814243538,2249,
coverage_signal_rss_crypto_article_count,pearson,,,2249,
coverage_signal_rss_crypto_article_count,spearman,,,2249,
coverage_signal_rss_crypto_article_count_delta,pearson,,,2249,
coverage_signal_rss_crypto_article_count_delta,spearman,,,2249,
coverage_signal_rss_crypto_article_count_delta_log1p,pearson,,,2249,
coverage_signal_rss_crypto_article_count_delta_log1p,spearman,,,2249,
coverage_signal_rss_crypto_article_count_log1p,pearson,,,2249,
coverage_signal_rss_crypto_article_count_log1p,spearman,,,2249,
coverage_signal_rss_crypto_article_count_zscore_7d,pearson,-0.021106521698433658,0.31706729258686206,2249,
coverage_signal_rss_crypto_article_count_zscore_7d,spearman,-0.021622990155053947,0.3053677782481561,2249,
coverage_signal_rss_crypto_btc_mention_count,pearson,,,2249,
coverage_signal_rss_crypto_btc_mention_count,spearman,,,2249,
coverage_signal_rss_crypto_btc_mention_count_delta_log1p,pearson,,,2249,
coverage_signal_rss_crypto_btc_mention_count_delta_log1p,spearman,,,2249,
coverage_signal_rss_crypto_btc_mention_count_log1p,pearson,,,2249,
coverage_signal_rss_crypto_btc_mention_count_log1p,spearman,,,2249,
coverage_signal_rss_crypto_btc_mention_delta,pearson,,,2249,
coverage_signal_rss_crypto_btc_mention_delta,spearman,,,2249,
coverage_signal_rss_crypto_neg_minus_pos,pearson,-0.0033734782837397345,0.8729645158282648,2249,
coverage_signal_rss_crypto_neg_minus_pos,spearman,-0.009829224557593233,0.641294565253505,2249,
coverage_signal_rss_crypto_neg_sentiment_flag,pearson,,,2249,
coverage_signal_rss_crypto_neg_sentiment_flag,spearman,,,2249,
coverage_signal_rss_crypto_negative_ratio,pearson,-0.0033734782837397345,0.8729645158282648,2249,
coverage_signal_rss_crypto_negative_ratio,spearman,-0.009829224557593233,0.641294565253505,2249,
coverage_signal_rss_crypto_positive_ratio,pearson,-0.0033734782837397345,0.8729645158282648,2249,
coverage_signal_rss_crypto_positive_ratio,spearman,-0.009829224557593233,0.641294565253505,2249,
coverage_signal_rss_crypto_sentiment_defined,pearson,,,2249,
coverage_signal_rss_crypto_sentiment_defined,spearman,,,2249,
coverage_signal_rss_crypto_sentiment_delta,pearson,0.003800262457465397,0.8570562654998556,2249,
coverage_signal_rss_crypto_sentiment_delta,spearman,-0.0010840397524234584,0.9590223016326008,2249,
coverage_signal_rss_crypto_sentiment_finbert_mean,pearson,-0.0033734782837397345,0.8729645158282648,2249,
coverage_signal_rss_crypto_sentiment_finbert_mean,spearman,-0.009829224557593233,0.641294565253505,2249,
coverage_signal_rss_crypto_sentiment_finbert_std,pearson,-0.0033734782837397345,0.8729645158282648,2249,
coverage_signal_rss_crypto_sentiment_finbert_std,spearman,-0.009829224557593233,0.641294565253505,2249,
coverage_signal_rss_crypto_title_sentiment,pearson,-0.0033734782837397345,0.8729645158282648,2249,
coverage_signal_rss_crypto_title_sentiment,spearman,-0.009829224557593233,0.641294565253505,2249,
coverage_signal_wiki_bitcoin,pearson,,,2249,
coverage_signal_wiki_bitcoin,spearman,,,2249,
coverage_signal_wiki_bitcoin_burst,pearson,,,2249,
coverage_signal_wiki_bitcoin_burst,spearman,,,2249,
coverage_signal_wiki_bitcoin_delta,pearson,,,2249,
coverage_signal_wiki_bitcoin_delta,spearman,,,2249,
coverage_signal_wiki_bitcoin_delta_log1p,pearson,,,2249,
coverage_signal_wiki_bitcoin_delta_log1p,spearman,,,2249,
coverage_signal_wiki_bitcoin_log1p,pearson,,,2249,
coverage_signal_wiki_bitcoin_log1p,spearman,,,2249,
coverage_signal_wiki_bitcoin_ma7,pearson,-0.021106521698433658,0.31706729258686206,2249,
coverage_signal_wiki_bitcoin_ma7,spearman,-0.021622990155053947,0.3053677782481561,2249,
coverage_signal_wiki_bitcoin_pct_change,pearson,,,2249,
coverage_signal_wiki_bitcoin_pct_change,spearman,,,2249,
coverage_signal_wiki_bitcoin_zscore_30d,pearson,-0.028609011307547786,0.17501445979100913,2249,
coverage_signal_wiki_bitcoin_zscore_30d,spearman,-0.020055348089957258,0.3417749109183207,2249,
coverage_signal_wiki_cryptocurrency,pearson,,,2249,
coverage_signal_wiki_cryptocurrency,spearman,,,2249,
coverage_signal_wiki_cryptocurrency_burst,pearson,,,2249,
coverage_signal_wiki_cryptocurrency_burst,spearman,,,2249,
coverage_signal_wiki_cryptocurrency_delta,pearson,,,2249,
coverage_signal_wiki_cryptocurrency_delta,spearman,,,2249,
coverage_signal_wiki_cryptocurrency_delta_log1p,pearson,,,2249,
coverage_signal_wiki_cryptocurrency_delta_log1p,spearman,,,2249,
coverage_signal_wiki_cryptocurrency_log1p,pearson,,,2249,
coverage_signal_wiki_cryptocurrency_log1p,spearman,,,2249,
coverage_signal_wiki_cryptocurrency_ma7,pearson,-0.021106521698433658,0.31706729258686206,2249,
coverage_signal_wiki_cryptocurrency_ma7,spearman,-0.021622990155053947,0.3053677782481561,2249,
coverage_signal_wiki_cryptocurrency_pct_change,pearson,,,2249,
coverage_signal_wiki_cryptocurrency_pct_change,spearman,,,2249,
coverage_signal_wiki_cryptocurrency_zscore_30d,pearson,-0.028609011307547786,0.17501445979100913,2249,
coverage_signal_wiki_cryptocurrency_zscore_30d,spearman,-0.020055348089957258,0.3417749109183207,2249,
coverage_signal_wiki_ethereum,pearson,,,2249,
coverage_signal_wiki_ethereum,spearman,,,2249,
coverage_signal_wiki_ethereum_burst,pearson,,,2249,
coverage_signal_wiki_ethereum_burst,spearman,,,2249,
coverage_signal_wiki_ethereum_delta,pearson,,,2249,
coverage_signal_wiki_ethereum_delta,spearman,,,2249,
coverage_signal_wiki_ethereum_delta_log1p,pearson,,,2249,
coverage_signal_wiki_ethereum_delta_log1p,spearman,,,2249,
coverage_signal_wiki_ethereum_log1p,pearson,,,2249,
coverage_signal_wiki_ethereum_log1p,spearman,,,2249,
coverage_signal_wiki_ethereum_ma7,pearson,-0.021106521698433658,0.31706729258686206,2249,
coverage_signal_wiki_ethereum_ma7,spearman,-0.021622990155053947,0.3053677782481561,2249,
coverage_signal_wiki_ethereum_pct_change,pearson,,,2249,
coverage_signal_wiki_ethereum_pct_change,spearman,,,2249,
coverage_signal_wiki_ethereum_zscore_30d,pearson,-0.028609011307547786,0.17501445979100913,2249,
coverage_signal_wiki_ethereum_zscore_30d,spearman,-0.020055348089957258,0.3417749109183207,2249,
signal_fng_extremeness,pearson,0.010992802740982657,0.6024166033460304,2248,
signal_fng_extremeness,spearman,0.014409661252812329,0.49469413963975756,2248,
signal_fng_is_extreme_fear,pearson,0.0028587765384949807,0.8922416382407541,2248,
signal_fng_is_extreme_fear,spearman,0.008755084631368404,0.6782278582742203,2248,
signal_fng_is_extreme_greed,pearson,0.0054529143843166554,0.7961000838367519,2248,
signal_fng_is_extreme_greed,spearman,-0.002558697841237531,0.9034942378439038,2248,
signal_fng_value,pearson,0.029369510241071296,0.16391493077092664,2248,
signal_fng_value,spearman,0.015322080695698978,0.4677740496114341,2248,
signal_fng_value_delta,pearson,-0.03542269810417217,0.09313412157283252,2248,
signal_fng_value_delta,spearman,-0.0273335597950772,0.19515144201719586,2248,
signal_fng_value_pct_change,pearson,-0.021066187225490262,0.3181009266392841,2248,
signal_fng_value_pct_change,spearman,-0.021161213372160283,0.31592237303606957,2248,
signal_fng_value_zscore_30d,pearson,0.01883526850622368,0.3750585125708401,2220,
signal_fng_value_zscore_30d,spearman,0.006064785722569807,0.7751879934900524,2220,
signal_onchain_btc_median_fee_rate,pearson,,,,
signal_onchain_btc_median_fee_rate,spearman,,,,
signal_onchain_btc_mempool_vbytes,pearson,,,,
signal_onchain_btc_mempool_vbytes,spearman,,,,
signal_onchain_eth_defi_tvl_total,pearson,-0.07491880110103716,0.0003766245318885917,2249,
signal_onchain_eth_defi_tvl_total,spearman,-0.0776451682492865,0.00022804517413547388,2249,
signal_onchain_eth_defi_tvl_total_pct_change_7d,pearson,0.0021634043300950024,0.9184371763866538,2243,
signal_onchain_eth_defi_tvl_total_pct_change_7d,spearman,-0.005344397025631335,0.8002890220633081,2243,
signal_onchain_eth_defi_tvl_total_zscore_90d,pearson,0.027891308123994193,0.1949503923769175,2161,
signal_onchain_eth_defi_tvl_total_zscore_90d,spearman,0.020420404769341708,0.34271013184807003,2161,
signal_onchain_eth_l2_tvl_total,pearson,-0.02549882943692566,0.2978279354306806,1669,
signal_onchain_eth_l2_tvl_total,spearman,-0.017796342799536534,0.4674992920541285,1669,
signal_onchain_eth_l2_tvl_total_pct_change_7d,pearson,0.004785860727056746,0.8463448942692194,1642,
signal_onchain_eth_l2_tvl_total_pct_change_7d,spearman,-0.004229126173866386,0.8640340998661574,1642,
signal_onchain_eth_l2_tvl_total_zscore_90d,pearson,0.006472699461068697,0.7971140941818478,1580,
signal_onchain_eth_l2_tvl_total_zscore_90d,spearman,-0.003143916852264382,0.9006267630642362,1580,
signal_onchain_eth_stablecoin_supply,pearson,-0.05574732146717804,0.008185363394401814,2249,
signal_onchain_eth_stablecoin_supply,spearman,-0.0587542576623762,0.005316588271708287,2249,
signal_onchain_eth_stablecoin_supply_pct_change_7d,pearson,0.022970782651012517,0.2768421001226826,2243,
signal_onchain_eth_stablecoin_supply_pct_change_7d,spearman,0.028398416710098975,0.17879336460971804,2243,
signal_onchain_eth_stablecoin_supply_zscore_30d,pearson,0.04730322177673593,0.02579562077624323,2221,
signal_onchain_eth_stablecoin_supply_zscore_30d,spearman,0.041066205504666456,0.05298123834245564,2221,
signal_reddit_btc_mention_count,pearson,-0.016186697273313937,0.442929723051661,2249,
signal_reddit_btc_mention_count,spearman,-0.025631856338764893,0.22433583814243538,2249,
signal_reddit_btc_mention_delta,pearson,-0.016186697273313937,0.442929723051661,2249,
signal_reddit_btc_mention_delta,spearman,-0.025631856338764893,0.22433583814243538,2249,
signal_reddit_comment_count,pearson,-0.016186697273313937,0.442929723051661,2249,
signal_reddit_comment_count,spearman,-0.025631856338764893,0.22433583814243538,2249,
signal_reddit_comment_count_delta_log1p,pearson,-0.016186697273313934,0.44292972305166095,2249,
signal_reddit_comment_count_delta_log1p,spearman,-0.025631856338764893,0.22433583814243538,2249,
signal_reddit_comment_count_log1p,pearson,-0.016186697273313934,0.44292972305166095,2249,
signal_reddit_comment_count_log1p,spearman,-0.025631856338764893,0.22433583814243538,2249,
signal_reddit_neg_minus_pos,pearson,,,1,
signal_reddit_neg_minus_pos,spearman,,,1,
signal_reddit_neg_sentiment_flag,pearson,,,2249,
signal_reddit_neg_sentiment_flag,spearman,,,2249,
signal_reddit_negative_ratio,pearson,,,1,
signal_reddit_negative_ratio,spearman,,,1,
signal_reddit_positive_ratio,pearson,,,1,
signal_reddit_positive_ratio,spearman,,,1,
signal_reddit_post_count,pearson,-0.016186697273313937,0.442929723051661,2249,
signal_reddit_post_count,spearman,-0.025631856338764893,0.22433583814243538,2249,
signal_reddit_post_count_delta,pearson,-0.016186697273313937,0.442929723051661,2249,
signal_reddit_post_count_delta,spearman,-0.025631856338764893,0.22433583814243538,2249,
signal_reddit_post_count_delta_log1p,pearson,-0.016186697273313937,0.442929723051661,2249,
signal_reddit_post_count_delta_log1p,spearman,-0.025631856338764893,0.22433583814243538,2249,
signal_reddit_post_count_log1p,pearson,-0.016186697273313937,0.442929723051661,2249,
signal_reddit_post_count_log1p,spearman,-0.025631856338764893,0.22433583814243538,2249,
signal_reddit_post_count_zscore_7d,pearson,,,1,
signal_reddit_post_count_zscore_7d,spearman,,,1,
signal_reddit_score_mean,pearson,,,1,
signal_reddit_score_mean,spearman,,,1,
signal_reddit_score_sum,pearson,-0.016186697273313937,0.442929723051661,2249,
signal_reddit_score_sum,spearman,-0.025631856338764893,0.22433583814243538,2249,
signal_reddit_score_sum_delta_log1p,pearson,-0.016186697273313934,0.44292972305166095,2249,
signal_reddit_score_sum_delta_log1p,spearman,-0.025631856338764893,0.22433583814243538,2249,
signal_reddit_score_sum_log1p,pearson,-0.016186697273313934,0.44292972305166095,2249,
signal_reddit_score_sum_log1p,spearman,-0.025631856338764893,0.22433583814243538,2249,
signal_reddit_sentiment_defined,pearson,-0.016186697273313937,0.442929723051661,2249,
signal_reddit_sentiment_defined,spearman,-0.025631856338764893,0.22433583814243538,2249,
signal_reddit_sentiment_delta,pearson,,,,
signal_reddit_sentiment_delta,spearman,,,,
signal_reddit_sentiment_finbert_mean,pearson,,,1,
signal_reddit_sentiment_finbert_mean,spearman,,,1,
signal_reddit_sentiment_finbert_std,pearson,,,1,
signal_reddit_sentiment_finbert_std,spearman,,,1,
signal_reddit_title_sentiment,pearson,,,1,
signal_reddit_title_sentiment,spearman,,,1,
signal_rss_crypto_article_count,pearson,-0.016495683773051707,0.4342713616823485,2249,
signal_rss_crypto_article_count,spearman,-0.009904270008731411,0.638750336524058,2249,
signal_rss_crypto_article_count_delta,pearson,-0.020515388261182328,0.3308140531981778,2249,
signal_rss_crypto_article_count_delta,spearman,0.006517401399031611,0.7573898106214138,2249,
signal_rss_crypto_article_count_delta_log1p,pearson,-0.012215673944871988,0.5625817169168268,2249,
signal_rss_crypto_article_count_delta_log1p,spearman,0.006583267240636461,0.7550160550201506,2249,
signal_rss_crypto_article_count_log1p,pearson,-0.007974399624705577,0.7054523715235355,2249,
signal_rss_crypto_article_count_log1p,spearman,-0.009904270008731411,0.638750336524058,2249,
signal_rss_crypto_article_count_zscore_7d,pearson,0.08093893641196612,0.4534659024311877,88,
signal_rss_crypto_article_count_zscore_7d,spearman,0.04209139612861461,0.6969956293073033,88,
signal_rss_crypto_btc_mention_count,pearson,-0.01803246667955812,0.39268459787113774,2249,
signal_rss_crypto_btc_mention_count,spearman,-0.04119709461578158,0.05076527689783284,2249,
signal_rss_crypto_btc_mention_count_delta_log1p,pearson,-0.03149776209545043,0.1353644194204482,2249,
signal_rss_crypto_btc_mention_count_delta_log1p,spearman,-0.054246084303058585,0.010081823526247338,2249,
signal_rss_crypto_btc_mention_count_log1p,pearson,-0.01931762760692781,0.3598305518148146,2249,
signal_rss_crypto_btc_mention_count_log1p,spearman,-0.04119709461578158,0.05076527689783284,2249,
signal_rss_crypto_btc_mention_delta,pearson,-0.022605090801833667,0.2839194006957181,2249,
signal_rss_crypto_btc_mention_delta,spearman,-0.05425975009069591,0.010062929351051754,2249,
signal_rss_crypto_neg_minus_pos,pearson,-0.08158040078616355,0.573291727090313,50,
signal_rss_crypto_neg_minus_pos,spearman,-0.03687179545919882,0.7993295094698978,50,
signal_rss_crypto_neg_sentiment_flag,pearson,-0.013276836549848299,0.5291439125778358,2249,
signal_rss_crypto_neg_sentiment_flag,spearman,-0.014926331171860768,0.4792517255415593,2249,
signal_rss_crypto_negative_ratio,pearson,-0.1743608300453749,0.2258816081289424,50,
signal_rss_crypto_negative_ratio,spearman,-0.23703525226787267,0.09743588870102533,50,
signal_rss_crypto_positive_ratio,pearson,-0.05483768995273411,0.7052535994310059,50,
signal_rss_crypto_positive_ratio,spearman,-0.1181569224687979,0.41379584685043214,50,
signal_rss_crypto_sentiment_defined,pearson,-0.0033734782837397345,0.8729645158282648,2249,
signal_rss_crypto_sentiment_defined,spearman,-0.009829224557593233,0.641294565253505,2249,
signal_rss_crypto_sentiment_delta,pearson,0.10186464645992784,0.5428254656292393,38,
signal_rss_crypto_sentiment_delta,spearman,0.03579767565972627,0.8310396385739902,38,
signal_rss_crypto_sentiment_finbert_mean,pearson,0.08929860206028507,0.537432854616308,50,
signal_rss_crypto_sentiment_finbert_mean,spearman,0.008604291025757911,0.9527101939694279,50,
signal_rss_crypto_sentiment_finbert_std,pearson,-0.15804725700632047,0.2729895758698632,50,
signal_rss_crypto_sentiment_finbert_std,spearman,-0.21483548212925857,0.1340684721252868,50,
signal_rss_crypto_title_sentiment,pearson,0.08929860206028507,0.537432854616308,50,
signal_rss_crypto_title_sentiment,spearman,0.008604291025757911,0.9527101939694279,50,
signal_wiki_bitcoin,pearson,0.012157210547066477,0.564453149564019,2249,
signal_wiki_bitcoin,spearman,0.021392679054471824,0.31054917649864666,2249,
signal_wiki_bitcoin_burst,pearson,0.034212185514646797,0.10479508391534226,2249,
signal_wiki_bitcoin_burst,spearman,0.018118852149858696,0.39042084657615617,2249,
signal_wiki_bitcoin_delta,pearson,0.03889949797725031,0.06512084733527142,2249,
signal_wiki_bitcoin_delta,spearman,0.04291724688013976,0.04184106716798352,2249,
signal_wiki_bitcoin_delta_log1p,pearson,0.025451831720530137,0.22760839217696666,2249,
signal_wiki_bitcoin_delta_log1p,spearman,0.0404440428776306,0.055146353330601486,2249,
signal_wiki_bitcoin_log1p,pearson,0.014639788036513252,0.48773050276917124,2249,
signal_wiki_bitcoin_log1p,spearman,0.021392679054471824,0.31054917649864666,2249,
signal_wiki_bitcoin_ma7,pearson,-0.005283619498842173,0.8024698202731373,2244,
signal_wiki_bitcoin_ma7,spearman,0.014851960049459784,0.4819328953309009,2244,
signal_wiki_bitcoin_pct_change,pearson,0.03288825044897766,0.1189408482143836,2249,
signal_wiki_bitcoin_pct_change,spearman,0.04047089045619067,0.0549849142097112,2249,
signal_wiki_bitcoin_zscore_30d,pearson,0.03738254989434997,0.07817588878002063,2221,
signal_wiki_bitcoin_zscore_30d,spearman,0.039243134676464585,0.06444316916803405,2221,
signal_wiki_cryptocurrency,pearson,-0.01862675262648439,0.37727215193587166,2249,
signal_wiki_cryptocurrency,spearman,0.01679150091883235,0.42607434478873535,2249,
signal_wiki_cryptocurrency_burst,pearson,0.034727825897306504,0.09966078971383005,2249,
signal_wiki_cryptocurrency_burst,spearman,0.01848490095732511,0.38091670937028127,2249,
signal_wiki_cryptocurrency_delta,pearson,0.003168266111006413,0.8806324641435668,2249,
signal_wiki_cryptocurrency_delta,spearman,0.0066311378996275865,0.7532922805035519,2249,
signal_wiki_cryptocurrency_delta_log1p,pearson,0.007296510677878068,0.7294635622994238,2249,
signal_wiki_cryptocurrency_delta_log1p,spearman,0.004507281216333166,0.8308325961428146,2249,
signal_wiki_cryptocurrency_log1p,pearson,0.0011152580904210203,0.9578433023965264,2249,
signal_wiki_cryptocurrency_log1p,spearman,0.01679150091883235,0.42607434478873535,2249,
signal_wiki_cryptocurrency_ma7,pearson,-0.030359170448536855,0.15052754050526818,2244,
signal_wiki_cryptocurrency_ma7,spearman,0.010639508641067294,0.61444670243565,2244,
signal_wiki_cryptocurrency_pct_change,pearson,0.006837117005717891,0.7458892895455953,2249,
signal_wiki_cryptocurrency_pct_change,spearman,0.004526323391419839,0.8301287721382223,2249,
signal_wiki_cryptocurrency_zscore_30d,pearson,0.01643327372403129,0.43888634058972453,2221,
signal_wiki_cryptocurrency_zscore_30d,spearman,0.008497179591281346,0.6889852740464406,2221,
signal_wiki_ethereum,pearson,-0.010334344460341418,0.6242523113927841,2249,
signal_wiki_ethereum,spearman,0.002368563929145409,0.9106144079788924,2249,
signal_wiki_ethereum_burst,pearson,0.04421021622807815,0.03604069110808275,2249,
signal_wiki_ethereum_burst,spearman,0.03294234761303438,0.11833492065993124,2249,
signal_wiki_ethereum_delta,pearson,0.030539795296937403,0.14766173293486337,2249,
signal_wiki_ethereum_delta,spearman,0.057659588997394325,0.006234578107349018,2249,
signal_wiki_ethereum_delta_log1p,pearson,0.04440021060273549,0.035248977238070134,2249,
signal_wiki_ethereum_delta_log1p,spearman,0.06138146509169387,0.0035905459850557038,2249,
signal_wiki_ethereum_log1p,pearson,-0.003445983394683733,0.870258103852135,2249,
signal_wiki_ethereum_log1p,spearman,0.002368563929145409,0.9106144079788924,2249,
signal_wiki_ethereum_ma7,pearson,-0.03286763986482224,0.11958403192882887,2244,
signal_wiki_ethereum_ma7,spearman,-0.021533081639953457,0.30792255864792556,2244,
signal_wiki_ethereum_pct_change,pearson,0.04738141665336146,0.024639309277454138,2249,
signal_wiki_ethereum_pct_change,spearman,0.061374170472258446,0.0035945336336162285,2249,
signal_wiki_ethereum_zscore_30d,pearson,0.06551242671441151,0.0020082019624261273,2221,
signal_wiki_ethereum_zscore_30d,spearman,0.05952549439204723,0.005013016667224801,2221,
close,best_lag,-0.04719771867973314,0.026162180387921934,2220,29
coverage_signal_fng_classification,best_lag,-0.0668078592397846,0.001584515482447971,2233,16
coverage_signal_fng_extremeness,best_lag,-0.0668078592397846,0.001584515482447971,2233,16
coverage_signal_fng_is_extreme_fear,best_lag,-0.0668078592397846,0.001584515482447971,2233,16
coverage_signal_fng_is_extreme_greed,best_lag,-0.0668078592397846,0.001584515482447971,2233,16
coverage_signal_fng_regime,best_lag,-0.0668078592397846,0.001584515482447971,2233,16
coverage_signal_fng_value,best_lag,-0.0668078592397846,0.001584515482447971,2233,16
coverage_signal_fng_value_delta,best_lag,-0.0668078592397846,0.001584515482447971,2233,16
coverage_signal_fng_value_pct_change,best_lag,-0.0668078592397846,0.001584515482447971,2233,16
coverage_signal_fng_value_zscore_30d,best_lag,-0.04031642591379799,0.05674466970604701,2234,-15
coverage_signal_onchain_btc_median_fee_rate,best_lag,,,,
coverage_signal_onchain_btc_mempool_vbytes,best_lag,,,,
coverage_signal_onchain_eth_defi_tvl_total,best_lag,,,,
coverage_signal_onchain_eth_defi_tvl_total_pct_change_7d,best_lag,-0.03782102898398718,0.07299603701602078,2248,1
coverage_signal_onchain_eth_defi_tvl_total_zscore_90d,best_lag,0.02855501858793268,0.17747386470742182,2232,-17
coverage_signal_onchain_eth_l2_tvl_total,best_lag,-0.05267602147687735,0.01295325081288387,2225,-24
coverage_signal_onchain_eth_l2_tvl_total_pct_change_7d,best_lag,-0.05499567274029714,0.009168304503852115,2244,5
coverage_signal_onchain_eth_l2_tvl_total_zscore_90d,best_lag,-0.0545226090296736,0.00988556719476218,2238,-11
coverage_signal_onchain_eth_stablecoin_supply,best_lag,,,,
coverage_signal_onchain_eth_stablecoin_supply_pct_change_7d,best_lag,-0.03782102898398718,0.07299603701602078,2248,1
coverage_signal_onchain_eth_stablecoin_supply_zscore_30d,best_lag,-0.03548433009846844,0.09358871054389147,2234,-15
coverage_signal_reddit_btc_mention_count,best_lag,,,,
coverage_signal_reddit_btc_mention_delta,best_lag,,,,
coverage_signal_reddit_comment_count,best_lag,,,,
coverage_signal_reddit_comment_count_delta_log1p,best_lag,,,,
coverage_signal_reddit_comment_count_log1p,best_lag,,,,
coverage_signal_reddit_neg_minus_pos,best_lag,-0.09478985326554579,7.435745463541246e-6,2227,-22
coverage_signal_reddit_neg_sentiment_flag,best_lag,,,,
coverage_signal_reddit_negative_ratio,best_lag,-0.09478985326554579,7.435745463541246e-6,2227,-22
coverage_signal_reddit_positive_ratio,best_lag,-0.09478985326554579,7.435745463541246e-6,2227,-22
coverage_signal_reddit_post_count,best_lag,,,,
coverage_signal_reddit_post_count_delta,best_lag,,,,
coverage_signal_reddit_post_count_delta_log1p,best_lag,,,,
coverage_signal_reddit_post_count_log1p,best_lag,,,,
coverage_signal_reddit_post_count_zscore_7d,best_lag,-0.04490448681232189,0.03325842485339172,2248,1
coverage_signal_reddit_score_mean,best_lag,-0.09478985326554579,7.435745463541246e-6,2227,-22
coverage_signal_reddit_score_sum,best_lag,,,,
coverage_signal_reddit_score_sum_delta_log1p,best_lag,,,,
coverage_signal_reddit_score_sum_log1p,best_lag,,,,
coverage_signal_reddit_sentiment_defined,best_lag,,,,
coverage_signal_reddit_sentiment_delta,best_lag,,,,
coverage_signal_reddit_sentiment_finbert_mean,best_lag,-0.09478985326554579,7.435745463541246e-6,2227,-22
coverage_signal_reddit_sentiment_finbert_std,best_lag,-0.09478985326554579,7.435745463541246e-6,2227,-22
coverage_signal_reddit_title_sentiment,best_lag,-0.09478985326554579,7.435745463541246e-6,2227,-22
coverage_signal_rss_crypto_article_count,best_lag,,,,
coverage_signal_rss_crypto_article_count_delta,best_lag,,,,
coverage_signal_rss_crypto_article_count_delta_log1p,best_lag,,,,
coverage_signal_rss_crypto_article_count_log1p,best_lag,,,,
coverage_signal_rss_crypto_article_count_zscore_7d,best_lag,-0.04490448681232189,0.03325842485339172,2248,1
coverage_signal_rss_crypto_btc_mention_count,best_lag,,,,
coverage_signal_rss_crypto_btc_mention_count_delta_log1p,best_lag,,,,
coverage_signal_rss_crypto_btc_mention_count_log1p,best_lag,,,,
coverage_signal_rss_crypto_btc_mention_delta,best_lag,,,,
coverage_signal_rss_crypto_neg_minus_pos,best_lag,-0.049778253720148796,0.0188123781164014,2227,-22
coverage_signal_rss_crypto_neg_sentiment_flag,best_lag,,,,
coverage_signal_rss_crypto_negative_ratio,best_lag,-0.049778253720148796,0.0188123781164014,2227,-22
coverage_signal_rss_crypto_positive_ratio,best_lag,-0.049778253720148796,0.0188123781164014,2227,-22
coverage_signal_rss_crypto_sentiment_defined,best_lag,,,,
coverage_signal_rss_crypto_sentiment_delta,best_lag,-0.04447308400215737,0.03606144064949574,2222,-27
coverage_signal_rss_crypto_sentiment_finbert_mean,best_lag,-0.049778253720148796,0.0188123781164014,2227,-22
coverage_signal_rss_crypto_sentiment_finbert_std,best_lag,-0.049778253720148796,0.0188123781164014,2227,-22
coverage_signal_rss_crypto_title_sentiment,best_lag,-0.049778253720148796,0.0188123781164014,2227,-22
coverage_signal_wiki_bitcoin,best_lag,,,,
coverage_signal_wiki_bitcoin_burst,best_lag,,,,
coverage_signal_wiki_bitcoin_delta,best_lag,,,,
coverage_signal_wiki_bitcoin_delta_log1p,best_lag,,,,
coverage_signal_wiki_bitcoin_log1p,best_lag,,,,
coverage_signal_wiki_bitcoin_ma7,best_lag,-0.04490448681232189,0.03325842485339172,2248,1
coverage_signal_wiki_bitcoin_pct_change,best_lag,,,,
coverage_signal_wiki_bitcoin_zscore_30d,best_lag,-0.03548433009846844,0.09358871054389147,2234,-15
coverage_signal_wiki_cryptocurrency,best_lag,,,,
coverage_signal_wiki_cryptocurrency_burst,best_lag,,,,
coverage_signal_wiki_cryptocurrency_delta,best_lag,,,,
coverage_signal_wiki_cryptocurrency_delta_log1p,best_lag,,,,
coverage_signal_wiki_cryptocurrency_log1p,best_lag,,,,
coverage_signal_wiki_cryptocurrency_ma7,best_lag,-0.04490448681232189,0.03325842485339172,2248,1
coverage_signal_wiki_cryptocurrency_pct_change,best_lag,,,,
coverage_signal_wiki_cryptocurrency_zscore_30d,best_lag,-0.03548433009846844,0.09358871054389147,2234,-15
coverage_signal_wiki_ethereum,best_lag,,,,
coverage_signal_wiki_ethereum_burst,best_lag,,,,
coverage_signal_wiki_ethereum_delta,best_lag,,,,
coverage_signal_wiki_ethereum_delta_log1p,best_lag,,,,
coverage_signal_wiki_ethereum_log1p,best_lag,,,,
coverage_signal_wiki_ethereum_ma7,best_lag,-0.04490448681232189,0.03325842485339172,2248,1
coverage_signal_wiki_ethereum_pct_change,best_lag,,,,
coverage_signal_wiki_ethereum_zscore_30d,best_lag,-0.03548433009846844,0.09358871054389147,2234,-15
signal_fng_extremeness,best_lag,0.02843833294858182,0.1780863718329918,2244,4
signal_fng_is_extreme_fear,best_lag,-0.16194794877819996,1.1317166440124801e-14,2247,-1
signal_fng_is_extreme_greed,best_lag,0.141983368645608,1.3713373723592866e-11,2247,-1
signal_fng_value,best_lag,0.19335669797252603,2.289476815525416e-20,2247,-1
signal_fng_value_delta,best_lag,0.6179294118618408,8.878679708164024e-237,2247,-1
signal_fng_value_pct_change,best_lag,0.5546270050370975,1.8828770086521157e-181,2247,-1
signal_fng_value_zscore_30d,best_lag,0.3455886477299858,2.6992398288521144e-63,2220,-1
signal_onchain_btc_median_fee_rate,best_lag,,,,
signal_onchain_btc_mempool_vbytes,best_lag,,,,
signal_onchain_eth_defi_tvl_total,best_lag,-0.07615748378121355,0.0003013904994610871,2248,1
signal_onchain_eth_defi_tvl_total_pct_change_7d,best_lag,0.28279792908370044,1.6937529535824164e-42,2242,-7
signal_onchain_eth_defi_tvl_total_zscore_90d,best_lag,0.14519157640756614,1.189224640506035e-11,2161,-4
signal_onchain_eth_l2_tvl_total,best_lag,-0.02901759035689869,0.24006164371457245,1641,28
signal_onchain_eth_l2_tvl_total_pct_change_7d,best_lag,0.1520273337062403,5.95105897434151e-10,1642,-6
signal_onchain_eth_l2_tvl_total_zscore_90d,best_lag,0.14340265848607922,1.0328414229176569e-8,1580,-4
signal_onchain_eth_stablecoin_supply,best_lag,-0.05761786969554027,0.006532463297275866,2227,-22
signal_onchain_eth_stablecoin_supply_pct_change_7d,best_lag,0.059144790162437205,0.005382804343374271,2213,30
signal_onchain_eth_stablecoin_supply_zscore_30d,best_lag,0.06421149602625566,0.002465469954312847,2221,-2
signal_reddit_btc_mention_count,best_lag,-0.09478985326554579,7.435745463541246e-6,2227,-22
signal_reddit_btc_mention_delta,best_lag,-0.09478985326554579,7.435745463541246e-6,2227,-22
signal_reddit_comment_count,best_lag,-0.09478985326554577,7.435745463541266e-6,2227,-22
signal_reddit_comment_count_delta_log1p,best_lag,-0.09478985326554579,7.435745463541246e-6,2227,-22
signal_reddit_comment_count_log1p,best_lag,-0.09478985326554579,7.435745463541246e-6,2227,-22
signal_reddit_neg_minus_pos,best_lag,,,,
signal_reddit_neg_sentiment_flag,best_lag,,,,
signal_reddit_negative_ratio,best_lag,,,,
signal_reddit_positive_ratio,best_lag,,,,
signal_reddit_post_count,best_lag,-0.09478985326554577,7.435745463541266e-6,2227,-22
signal_reddit_post_count_delta,best_lag,-0.09478985326554577,7.435745463541266e-6,2227,-22
signal_reddit_post_count_delta_log1p,best_lag,-0.09478985326554577,7.435745463541266e-6,2227,-22
signal_reddit_post_count_log1p,best_lag,-0.09478985326554577,7.435745463541266e-6,2227,-22
signal_reddit_post_count_zscore_7d,best_lag,,,,
signal_reddit_score_mean,best_lag,,,,
signal_reddit_score_sum,best_lag,-0.09478985326554579,7.435745463541246e-6,2227,-22
signal_reddit_score_sum_delta_log1p,best_lag,-0.09478985326554577,7.435745463541266e-6,2227,-22
signal_reddit_score_sum_log1p,best_lag,-0.09478985326554577,7.435745463541266e-6,2227,-22
signal_reddit_sentiment_defined,best_lag,-0.09478985326554579,7.435745463541246e-6,2227,-22
signal_reddit_sentiment_delta,best_lag,,,,
signal_reddit_sentiment_finbert_mean,best_lag,,,,
signal_reddit_sentiment_finbert_std,best_lag,,,,
signal_reddit_title_sentiment,best_lag,,,,
signal_rss_crypto_article_count,best_lag,-0.09984069269764599,2.349811643203425e-6,2227,-22
signal_rss_crypto_article_count_delta,best_lag,-0.08791857937798862,0.00003257256671316988,2227,-22
signal_rss_crypto_article_count_delta_log1p,best_lag,-0.04270897899435318,0.04368687791663043,2231,-18
signal_rss_crypto_article_count_log1p,best_lag,-0.07597687566923662,0.0003324493681298137,2227,-22
signal_rss_crypto_article_count_zscore_7d,best_lag,-0.22276550683775553,0.03696620422159601,88,-28
signal_rss_crypto_btc_mention_count,best_lag,-0.09719180337747561,4.329678684351027e-6,2227,-22
signal_rss_crypto_btc_mention_count_delta_log1p,best_lag,0.05443380493981145,0.010328593984283253,2219,30
signal_rss_crypto_btc_mention_count_log1p,best_lag,-0.07994227476743897,0.00015905325918722166,2227,-22
signal_rss_crypto_btc_mention_delta,best_lag,-0.09050904293148966,0.000018891476012559437,2227,-22
signal_rss_crypto_neg_minus_pos,best_lag,0.3931345413520786,0.019475528562522347,35,29
signal_rss_crypto_neg_sentiment_flag,best_lag,-0.042199212298519556,0.046557803375634046,2225,-24
signal_rss_crypto_negative_ratio,best_lag,-0.48107838128825514,0.00040540943627811874,50,-24
signal_rss_crypto_positive_ratio,best_lag,0.30542995595626615,0.07438548138948538,35,21
signal_rss_crypto_sentiment_defined,best_lag,-0.049778253720148796,0.0188123781164014,2227,-22
signal_rss_crypto_sentiment_delta,best_lag,0.5139302199397946,0.0072383494761703625,26,28
signal_rss_crypto_sentiment_finbert_mean,best_lag,-0.41858819919069046,0.012329327162839292,35,29
signal_rss_crypto_sentiment_finbert_std,best_lag,-0.39845441622557515,0.004157409038818177,50,-22
signal_rss_crypto_title_sentiment,best_lag,-0.41858819919069046,0.012329327162839292,35,29
signal_wiki_bitcoin,best_lag,0.036479825538503145,0.08473757511597324,2234,-15
signal_wiki_bitcoin_burst,best_lag,0.07353504967712954,0.0004899357563635774,2244,5
signal_wiki_bitcoin_delta,best_lag,0.07495451865428605,0.0003798773526428121,2244,5
signal_wiki_bitcoin_delta_log1p,best_lag,0.05893000115411554,0.00523125992132347,2244,5
signal_wiki_bitcoin_log1p,best_lag,0.03826941450549466,0.07053462875166214,2234,-15
signal_wiki_bitcoin_ma7,best_lag,0.03016566381737659,0.1542514851588628,2232,-17
signal_wiki_bitcoin_pct_change,best_lag,0.06097887291015604,0.0038560655535169377,2244,5
signal_wiki_bitcoin_zscore_30d,best_lag,0.05732552004421992,0.006949340290938822,2216,5
signal_wiki_cryptocurrency,best_lag,-0.044792273141036634,0.03397977806088378,2241,8
signal_wiki_cryptocurrency_burst,best_lag,0.05397950591808416,0.0105601711290803,2243,-6
signal_wiki_cryptocurrency_delta,best_lag,0.05088144208954416,0.01631024111681164,2228,21
signal_wiki_cryptocurrency_delta_log1p,best_lag,0.05885635051528909,0.005453162498698673,2228,-21
signal_wiki_cryptocurrency_log1p,best_lag,0.031785564629644866,0.13329949335279415,2232,-17
signal_wiki_cryptocurrency_ma7,best_lag,-0.03669410918033489,0.082374219362895,2242,2
signal_wiki_cryptocurrency_pct_change,best_lag,0.06016114820677793,0.004501636680973963,2228,-21
signal_wiki_cryptocurrency_zscore_30d,best_lag,0.05838717269539749,0.005915300527339948,2221,-6
signal_wiki_ethereum,best_lag,-0.05643287140206691,0.0075104674254867325,2243,6
signal_wiki_ethereum_burst,best_lag,0.05835028934086477,0.005650778768291973,2248,1
signal_wiki_ethereum_delta,best_lag,0.07772321278744589,0.00024050490133788015,2228,21
signal_wiki_ethereum_delta_log1p,best_lag,0.05424958690098554,0.010433486607458783,2228,21
signal_wiki_ethereum_log1p,best_lag,-0.03906731892321996,0.06498390802408015,2232,17
signal_wiki_ethereum_ma7,best_lag,-0.045699352264156536,0.03063020661310465,2238,6
signal_wiki_ethereum_pct_change,best_lag,0.05775780694611856,0.006391051250766349,2228,21
signal_wiki_ethereum_zscore_30d,best_lag,0.08764213299045878,0.000035342958877596785,2221,-1
close,mutual_information,0.03896381776880187,,2249,
coverage_signal_fng_classification,mutual_information,0.0,,2249,
coverage_signal_fng_extremeness,mutual_information,0.0,,2249,
coverage_signal_fng_is_extreme_fear,mutual_information,0.0,,2249,
coverage_signal_fng_is_extreme_greed,mutual_information,0.0,,2249,
coverage_signal_fng_regime,mutual_information,0.0,,2249,
coverage_signal_fng_value,mutual_information,0.0,,2249,
coverage_signal_fng_value_delta,mutual_information,0.0,,2249,
coverage_signal_fng_value_pct_change,mutual_information,0.0,,2249,
coverage_signal_fng_value_zscore_30d,mutual_information,0.0034638946381128077,,2249,
coverage_signal_onchain_btc_median_fee_rate,mutual_information,,,2249,
coverage_signal_onchain_btc_mempool_vbytes,mutual_information,,,2249,
coverage_signal_onchain_eth_defi_tvl_total,mutual_information,,,2249,
coverage_signal_onchain_eth_defi_tvl_total_pct_change_7d,mutual_information,0.00019742325146454576,,2249,
coverage_signal_onchain_eth_defi_tvl_total_zscore_90d,mutual_information,0.005913699477073875,,2249,
coverage_signal_onchain_eth_l2_tvl_total,mutual_information,0.0,,2249,
coverage_signal_onchain_eth_l2_tvl_total_pct_change_7d,mutual_information,0.0015476992476457507,,2249,
coverage_signal_onchain_eth_l2_tvl_total_zscore_90d,mutual_information,0.01042391663409803,,2249,
coverage_signal_onchain_eth_stablecoin_supply,mutual_information,,,2249,
coverage_signal_onchain_eth_stablecoin_supply_pct_change_7d,mutual_information,0.00019742325146454576,,2249,
coverage_signal_onchain_eth_stablecoin_supply_zscore_30d,mutual_information,0.0036689855036531327,,2249,
coverage_signal_reddit_btc_mention_count,mutual_information,,,2249,
coverage_signal_reddit_btc_mention_delta,mutual_information,,,2249,
coverage_signal_reddit_comment_count,mutual_information,,,2249,
coverage_signal_reddit_comment_count_delta_log1p,mutual_information,,,2249,
coverage_signal_reddit_comment_count_log1p,mutual_information,,,2249,
coverage_signal_reddit_neg_minus_pos,mutual_information,0.0,,2249,
coverage_signal_reddit_neg_sentiment_flag,mutual_information,,,2249,
coverage_signal_reddit_negative_ratio,mutual_information,0.0,,2249,
coverage_signal_reddit_positive_ratio,mutual_information,0.0,,2249,
coverage_signal_reddit_post_count,mutual_information,,,2249,
coverage_signal_reddit_post_count_delta,mutual_information,,,2249,
coverage_signal_reddit_post_count_delta_log1p,mutual_information,,,2249,
coverage_signal_reddit_post_count_log1p,mutual_information,,,2249,
coverage_signal_reddit_post_count_zscore_7d,mutual_information,0.0,,2249,
coverage_signal_reddit_score_mean,mutual_information,0.0,,2249,
coverage_signal_reddit_score_sum,mutual_information,,,2249,
coverage_signal_reddit_score_sum_delta_log1p,mutual_information,,,2249,
coverage_signal_reddit_score_sum_log1p,mutual_information,,,2249,
coverage_signal_reddit_sentiment_defined,mutual_information,,,2249,
coverage_signal_reddit_sentiment_delta,mutual_information,,,2249,
coverage_signal_reddit_sentiment_finbert_mean,mutual_information,0.0,,2249,
coverage_signal_reddit_sentiment_finbert_std,mutual_information,0.0,,2249,
coverage_signal_reddit_title_sentiment,mutual_information,0.0,,2249,
coverage_signal_rss_crypto_article_count,mutual_information,,,2249,
coverage_signal_rss_crypto_article_count_delta,mutual_information,,,2249,
coverage_signal_rss_crypto_article_count_delta_log1p,mutual_information,,,2249,
coverage_signal_rss_crypto_article_count_log1p,mutual_information,,,2249,
coverage_signal_rss_crypto_article_count_zscore_7d,mutual_information,0.0,,2249,
coverage_signal_rss_crypto_btc_mention_count,mutual_information,,,2249,
coverage_signal_rss_crypto_btc_mention_count_delta_log1p,mutual_information,,,2249,
coverage_signal_rss_crypto_btc_mention_count_log1p,mutual_information,,,2249,
coverage_signal_rss_crypto_btc_mention_delta,mutual_information,,,2249,
coverage_signal_rss_crypto_neg_minus_pos,mutual_information,0.0,,2249,
coverage_signal_rss_crypto_neg_sentiment_flag,mutual_information,,,2249,
coverage_signal_rss_crypto_negative_ratio,mutual_information,0.0,,2249,
coverage_signal_rss_crypto_positive_ratio,mutual_information,0.0,,2249,
coverage_signal_rss_crypto_sentiment_defined,mutual_information,,,2249,
coverage_signal_rss_crypto_sentiment_delta,mutual_information,0.0,,2249,
coverage_signal_rss_crypto_sentiment_finbert_mean,mutual_information,0.0,,2249,
coverage_signal_rss_crypto_sentiment_finbert_std,mutual_information,0.0,,2249,
coverage_signal_rss_crypto_title_sentiment,mutual_information,0.0,,2249,
coverage_signal_wiki_bitcoin,mutual_information,,,2249,
coverage_signal_wiki_bitcoin_burst,mutual_information,,,2249,
coverage_signal_wiki_bitcoin_delta,mutual_information,,,2249,
coverage_signal_wiki_bitcoin_delta_log1p,mutual_information,,,2249,
coverage_signal_wiki_bitcoin_log1p,mutual_information,,,2249,
coverage_signal_wiki_bitcoin_ma7,mutual_information,0.0,,2249,
coverage_signal_wiki_bitcoin_pct_change,mutual_information,,,2249,
coverage_signal_wiki_bitcoin_zscore_30d,mutual_information,0.0036689855036531327,,2249,
coverage_signal_wiki_cryptocurrency,mutual_information,,,2249,
coverage_signal_wiki_cryptocurrency_burst,mutual_information,,,2249,
coverage_signal_wiki_cryptocurrency_delta,mutual_information,,,2249,
coverage_signal_wiki_cryptocurrency_delta_log1p,mutual_information,,,2249,
coverage_signal_wiki_cryptocurrency_log1p,mutual_information,,,2249,
coverage_signal_wiki_cryptocurrency_ma7,mutual_information,0.0,,2249,
coverage_signal_wiki_cryptocurrency_pct_change,mutual_information,,,2249,
coverage_signal_wiki_cryptocurrency_zscore_30d,mutual_information,0.0036689855036531327,,2249,
coverage_signal_wiki_ethereum,mutual_information,,,2249,
coverage_signal_wiki_ethereum_burst,mutual_information,,,2249,
coverage_signal_wiki_ethereum_delta,mutual_information,,,2249,
coverage_signal_wiki_ethereum_delta_log1p,mutual_information,,,2249,
coverage_signal_wiki_ethereum_log1p,mutual_information,,,2249,
coverage_signal_wiki_ethereum_ma7,mutual_information,0.0,,2249,
coverage_signal_wiki_ethereum_pct_change,mutual_information,,,2249,
coverage_signal_wiki_ethereum_zscore_30d,mutual_information,0.0036689855036531327,,2249,
signal_fng_extremeness,mutual_information,0.039429813030464445,,2248,
signal_fng_is_extreme_fear,mutual_information,0.0022649956408400396,,2248,
signal_fng_is_extreme_greed,mutual_information,0.0029221056548756064,,2248,
signal_fng_value,mutual_information,0.00884566655529273,,2248,
signal_fng_value_delta,mutual_information,0.0,,2248,
signal_fng_value_pct_change,mutual_information,0.0,,2248,
signal_fng_value_zscore_30d,mutual_information,0.0,,2220,
signal_onchain_btc_median_fee_rate,mutual_information,,,,
signal_onchain_btc_mempool_vbytes,mutual_information,,,,
signal_onchain_eth_defi_tvl_total,mutual_information,0.01525242025292517,,2249,
signal_onchain_eth_defi_tvl_total_pct_change_7d,mutual_information,0.016234600833060497,,2243,
signal_onchain_eth_defi_tvl_total_zscore_90d,mutual_information,0.0,,2161,
signal_onchain_eth_l2_tvl_total,mutual_information,0.0,,1669,
signal_onchain_eth_l2_tvl_total_pct_change_7d,mutual_information,0.014052359878131249,,1642,
signal_onchain_eth_l2_tvl_total_zscore_90d,mutual_information,0.01335715942762139,,1580,
signal_onchain_eth_stablecoin_supply,mutual_information,0.0,,2249,
signal_onchain_eth_stablecoin_supply_pct_change_7d,mutual_information,0.0,,2243,
signal_onchain_eth_stablecoin_supply_zscore_30d,mutual_information,0.010015957201622072,,2221,
signal_reddit_btc_mention_count,mutual_information,0.0,,2249,
signal_reddit_btc_mention_delta,mutual_information,0.0,,2249,
signal_reddit_comment_count,mutual_information,0.0,,2249,
signal_reddit_comment_count_delta_log1p,mutual_information,0.0,,2249,
signal_reddit_comment_count_log1p,mutual_information,0.0,,2249,
signal_reddit_neg_minus_pos,mutual_information,,,1,
signal_reddit_neg_sentiment_flag,mutual_information,,,2249,
signal_reddit_negative_ratio,mutual_information,,,1,
signal_reddit_positive_ratio,mutual_information,,,1,
signal_reddit_post_count,mutual_information,0.0,,2249,
signal_reddit_post_count_delta,mutual_information,0.0,,2249,
signal_reddit_post_count_delta_log1p,mutual_information,0.0,,2249,
signal_reddit_post_count_log1p,mutual_information,0.0,,2249,
signal_reddit_post_count_zscore_7d,mutual_information,,,1,
signal_reddit_score_mean,mutual_information,,,1,
signal_reddit_score_sum,mutual_information,0.0,,2249,
signal_reddit_score_sum_delta_log1p,mutual_information,0.0,,2249,
signal_reddit_score_sum_log1p,mutual_information,0.0,,2249,
signal_reddit_sentiment_defined,mutual_information,0.0,,2249,
signal_reddit_sentiment_delta,mutual_information,,,,
signal_reddit_sentiment_finbert_mean,mutual_information,,,1,
signal_reddit_sentiment_finbert_std,mutual_information,,,1,
signal_reddit_title_sentiment,mutual_information,,,1,
signal_rss_crypto_article_count,mutual_information,0.0,,2249,
signal_rss_crypto_article_count_delta,mutual_information,0.0,,2249,
signal_rss_crypto_article_count_delta_log1p,mutual_information,0.0009714460525314106,,2249,
signal_rss_crypto_article_count_log1p,mutual_information,0.0,,2249,
signal_rss_crypto_article_count_zscore_7d,mutual_information,0.029757813864101923,,88,
signal_rss_crypto_btc_mention_count,mutual_information,0.0008960174652888897,,2249,
signal_rss_crypto_btc_mention_count_delta_log1p,mutual_information,0.00527046300595746,,2249,
signal_rss_crypto_btc_mention_count_log1p,mutual_information,0.00108434740235952,,2249,
signal_rss_crypto_btc_mention_delta,mutual_information,0.006171257008634412,,2249,
signal_rss_crypto_neg_minus_pos,mutual_information,0.0,,50,
signal_rss_crypto_neg_sentiment_flag,mutual_information,0.0,,2249,
signal_rss_crypto_negative_ratio,mutual_information,0.0,,50,
signal_rss_crypto_positive_ratio,mutual_information,0.0,,50,
signal_rss_crypto_sentiment_defined,mutual_information,0.0,,2249,
signal_rss_crypto_sentiment_delta,mutual_information,0.11309700430776859,,38,
signal_rss_crypto_sentiment_finbert_mean,mutual_information,0.0,,50,
signal_rss_crypto_sentiment_finbert_std,mutual_information,0.06796693012546551,,50,
signal_rss_crypto_title_sentiment,mutual_information,0.0,,50,
signal_wiki_bitcoin,mutual_information,0.03606448477043145,,2249,
signal_wiki_bitcoin_burst,mutual_information,0.0,,2249,
signal_wiki_bitcoin_delta,mutual_information,0.029719750173693882,,2249,
signal_wiki_bitcoin_delta_log1p,mutual_information,0.021638155921062108,,2249,
signal_wiki_bitcoin_log1p,mutual_information,0.024317679874824805,,2249,
signal_wiki_bitcoin_ma7,mutual_information,0.016879218985165423,,2244,
signal_wiki_bitcoin_pct_change,mutual_information,0.017071725677612726,,2249,
signal_wiki_bitcoin_zscore_30d,mutual_information,0.036544914341797075,,2221,
signal_wiki_cryptocurrency,mutual_information,0.0017541356908514771,,2249,
signal_wiki_cryptocurrency_burst,mutual_information,0.0,,2249,
signal_wiki_cryptocurrency_delta,mutual_information,0.0050319795290763025,,2249,
signal_wiki_cryptocurrency_delta_log1p,mutual_information,0.009853739574782416,,2249,
signal_wiki_cryptocurrency_log1p,mutual_information,0.013155182705523849,,2249,
signal_wiki_cryptocurrency_ma7,mutual_information,0.0,,2244,
signal_wiki_cryptocurrency_pct_change,mutual_information,0.005813470331323067,,2249,
signal_wiki_cryptocurrency_zscore_30d,mutual_information,0.014746631550383249,,2221,
signal_wiki_ethereum,mutual_information,0.03022216617623741,,2249,
signal_wiki_ethereum_burst,mutual_information,0.0,,2249,
signal_wiki_ethereum_delta,mutual_information,0.010246104260874134,,2249,
signal_wiki_ethereum_delta_log1p,mutual_information,0.019449389741461154,,2249,
signal_wiki_ethereum_log1p,mutual_information,0.04385627887915966,,2249,
signal_wiki_ethereum_ma7,mutual_information,0.007001604288393359,,2244,
signal_wiki_ethereum_pct_change,mutual_information,0.014316906064392398,,2249,
signal_wiki_ethereum_zscore_30d,mutual_information,0.012556646085291057,,2221,
close,pearson_bootstrap,-0.0011124738289253074,,2249,
coverage_signal_fng_classification,pearson_bootstrap,-0.003488494865936165,,2249,
coverage_signal_fng_extremeness,pearson_bootstrap,-0.003348260197858315,,2249,
coverage_signal_fng_is_extreme_fear,pearson_bootstrap,-0.003286053735447637,,2249,
coverage_signal_fng_is_extreme_greed,pearson_bootstrap,-0.0032671521288637315,,2249,
coverage_signal_fng_regime,pearson_bootstrap,-0.0032496160712824503,,2249,
coverage_signal_fng_value,pearson_bootstrap,-0.003230988531942,,2249,
coverage_signal_fng_value_delta,pearson_bootstrap,-0.0033432046116498026,,2249,
coverage_signal_fng_value_pct_change,pearson_bootstrap,-0.003391268074279665,,2249,
coverage_signal_fng_value_zscore_30d,pearson_bootstrap,-0.012551821746700536,,2249,
coverage_signal_onchain_btc_median_fee_rate,pearson_bootstrap,,,2249,
coverage_signal_onchain_btc_mempool_vbytes,pearson_bootstrap,,,2249,
coverage_signal_onchain_eth_defi_tvl_total,pearson_bootstrap,,,2249,
coverage_signal_onchain_eth_defi_tvl_total_pct_change_7d,pearson_bootstrap,-0.038085086117296045,,2249,
coverage_signal_onchain_eth_defi_tvl_total_zscore_90d,pearson_bootstrap,0.02878715202366334,,2249,
coverage_signal_onchain_eth_l2_tvl_total,pearson_bootstrap,-0.04311190385694339,,2249,
coverage_signal_onchain_eth_l2_tvl_total_pct_change_7d,pearson_bootstrap,-0.0377512439251303,,2249,
coverage_signal_onchain_eth_l2_tvl_total_zscore_90d,pearson_bootstrap,-0.04727997933879131,,2249,
coverage_signal_onchain_eth_stablecoin_supply,pearson_bootstrap,,,2249,
coverage_signal_onchain_eth_stablecoin_supply_pct_change_7d,pearson_bootstrap,-0.03703098695875834,,2249,
coverage_signal_onchain_eth_stablecoin_supply_zscore_30d,pearson_bootstrap,-0.02133507721164132,,2249,
coverage_signal_reddit_btc_mention_count,pearson_bootstrap,,,2249,
coverage_signal_reddit_btc_mention_delta,pearson_bootstrap,,,2249,
coverage_signal_reddit_comment_count,pearson_bootstrap,,,2249,
coverage_signal_reddit_comment_count_delta_log1p,pearson_bootstrap,,,2249,
coverage_signal_reddit_comment_count_log1p,pearson_bootstrap,,,2249,
coverage_signal_reddit_neg_minus_pos,pearson_bootstrap,-0.018092290111823114,,2249,
coverage_signal_reddit_neg_sentiment_flag,pearson_bootstrap,,,2249,
coverage_signal_reddit_negative_ratio,pearson_bootstrap,-0.016758464528418712,,2249,
coverage_signal_reddit_positive_ratio,pearson_bootstrap,-0.016468294526013946,,2249,
coverage_signal_reddit_post_count,pearson_bootstrap,,,2249,
coverage_signal_reddit_post_count_delta,pearson_bootstrap,,,2249,
coverage_signal_reddit_post_count_delta_log1p,pearson_bootstrap,,,2249,
coverage_signal_reddit_post_count_log1p,pearson_bootstrap,,,2249,
coverage_signal_reddit_post_count_zscore_7d,pearson_bootstrap,-0.024879520356485517,,2249,
coverage_signal_reddit_score_mean,pearson_bootstrap,-0.016792036500534114,,2249,
coverage_signal_reddit_score_sum,pearson_bootstrap,,,2249,
coverage_signal_reddit_score_sum_delta_log1p,pearson_bootstrap,,,2249,
coverage_signal_reddit_score_sum_log1p,pearson_bootstrap,,,2249,
coverage_signal_reddit_sentiment_defined,pearson_bootstrap,,,2249,
coverage_signal_reddit_sentiment_delta,pearson_bootstrap,,,2249,
coverage_signal_reddit_sentiment_finbert_mean,pearson_bootstrap,-0.016982342762084785,,2249,
coverage_signal_reddit_sentiment_finbert_std,pearson_bootstrap,-0.018133762555584167,,2249,
coverage_signal_reddit_title_sentiment,pearson_bootstrap,-0.016810115416595054,,2249,
coverage_signal_rss_crypto_article_count,pearson_bootstrap,,,2249,
coverage_signal_rss_crypto_article_count_delta,pearson_bootstrap,,,2249,
coverage_signal_rss_crypto_article_count_delta_log1p,pearson_bootstrap,,,2249,
coverage_signal_rss_crypto_article_count_log1p,pearson_bootstrap,,,2249,
coverage_signal_rss_crypto_article_count_zscore_7d,pearson_bootstrap,-0.02726099752171038,,2249,
coverage_signal_rss_crypto_btc_mention_count,pearson_bootstrap,,,2249,
coverage_signal_rss_crypto_btc_mention_count_delta_log1p,pearson_bootstrap,,,2249,
coverage_signal_rss_crypto_btc_mention_count_log1p,pearson_bootstrap,,,2249,
coverage_signal_rss_crypto_btc_mention_delta,pearson_bootstrap,,,2249,
coverage_signal_rss_crypto_neg_minus_pos,pearson_bootstrap,0.0018399996717436535,,2249,
coverage_signal_rss_crypto_neg_sentiment_flag,pearson_bootstrap,,,2249,
coverage_signal_rss_crypto_negative_ratio,pearson_bootstrap,0.0012449402406440769,,2249,
coverage_signal_rss_crypto_positive_ratio,pearson_bootstrap,0.0019769537948438106,,2249,
coverage_signal_rss_crypto_sentiment_defined,pearson_bootstrap,,,2249,
coverage_signal_rss_crypto_sentiment_delta,pearson_bootstrap,0.0008466244367900679,,2249,
coverage_signal_rss_crypto_sentiment_finbert_mean,pearson_bootstrap,0.0012989891703477532,,2249,
coverage_signal_rss_crypto_sentiment_finbert_std,pearson_bootstrap,0.0019750992723967476,,2249,
coverage_signal_rss_crypto_title_sentiment,pearson_bootstrap,0.0015982498227244243,,2249,
coverage_signal_wiki_bitcoin,pearson_bootstrap,,,2249,
coverage_signal_wiki_bitcoin_burst,pearson_bootstrap,,,2249,
coverage_signal_wiki_bitcoin_delta,pearson_bootstrap,,,2249,
coverage_signal_wiki_bitcoin_delta_log1p,pearson_bootstrap,,,2249,
coverage_signal_wiki_bitcoin_log1p,pearson_bootstrap,,,2249,
coverage_signal_wiki_bitcoin_ma7,pearson_bootstrap,-0.02572279429446239,,2249,
coverage_signal_wiki_bitcoin_pct_change,pearson_bootstrap,,,2249,
coverage_signal_wiki_bitcoin_zscore_30d,pearson_bootstrap,-0.01974706681471462,,2249,
coverage_signal_wiki_cryptocurrency,pearson_bootstrap,,,2249,
coverage_signal_wiki_cryptocurrency_burst,pearson_bootstrap,,,2249,
coverage_signal_wiki_cryptocurrency_delta,pearson_bootstrap,,,2249,
coverage_signal_wiki_cryptocurrency_delta_log1p,pearson_bootstrap,,,2249,
coverage_signal_wiki_cryptocurrency_log1p,pearson_bootstrap,,,2249,
coverage_signal_wiki_cryptocurrency_ma7,pearson_bootstrap,-0.02807773289673937,,2249,
coverage_signal_wiki_cryptocurrency_pct_change,pearson_bootstrap,,,2249,
coverage_signal_wiki_cryptocurrency_zscore_30d,pearson_bootstrap,-0.020651703895102805,,2249,
coverage_signal_wiki_ethereum,pearson_bootstrap,,,2249,
coverage_signal_wiki_ethereum_burst,pearson_bootstrap,,,2249,
coverage_signal_wiki_ethereum_delta,pearson_bootstrap,,,2249,
coverage_signal_wiki_ethereum_delta_log1p,pearson_bootstrap,,,2249,
coverage_signal_wiki_ethereum_log1p,pearson_bootstrap,,,2249,
coverage_signal_wiki_ethereum_ma7,pearson_bootstrap,-0.025447370472307863,,2249,
coverage_signal_wiki_ethereum_pct_change,pearson_bootstrap,,,2249,
coverage_signal_wiki_ethereum_zscore_30d,pearson_bootstrap,-0.020895515066966595,,2249,
signal_fng_extremeness,pearson_bootstrap,0.015121779239766214,,2248,
signal_fng_is_extreme_fear,pearson_bootstrap,0.010533949247114888,,2248,
signal_fng_is_extreme_greed,pearson_bootstrap,0.0033907568566979673,,2248,
signal_fng_value,pearson_bootstrap,0.024302858437359333,,2248,
signal_fng_value_delta,pearson_bootstrap,-0.03616812925290473,,2248,
signal_fng_value_pct_change,pearson_bootstrap,-0.02658617009622831,,2248,
signal_fng_value_zscore_30d,pearson_bootstrap,0.015298425062288259,,2220,
signal_onchain_btc_median_fee_rate,pearson_bootstrap,,,0,
signal_onchain_btc_mempool_vbytes,pearson_bootstrap,,,0,
signal_onchain_eth_defi_tvl_total,pearson_bootstrap,-0.06954199763791963,,2249,
signal_onchain_eth_defi_tvl_total_pct_change_7d,pearson_bootstrap,0.0007840950892205065,,2243,
signal_onchain_eth_defi_tvl_total_zscore_90d,pearson_bootstrap,0.025254850629329507,,2161,
signal_onchain_eth_l2_tvl_total,pearson_bootstrap,-0.024291227456681445,,1669,
signal_onchain_eth_l2_tvl_total_pct_change_7d,pearson_bootstrap,0.010746854803164374,,1642,
signal_onchain_eth_l2_tvl_total_zscore_90d,pearson_bootstrap,0.005497116713269995,,1580,
signal_onchain_eth_stablecoin_supply,pearson_bootstrap,-0.051190276902878605,,2249,
signal_onchain_eth_stablecoin_supply_pct_change_7d,pearson_bootstrap,0.024828057879730425,,2243,
signal_onchain_eth_stablecoin_supply_zscore_30d,pearson_bootstrap,0.04732352113600438,,2221,
signal_reddit_btc_mention_count,pearson_bootstrap,-0.015020471532902058,,2249,
signal_reddit_btc_mention_delta,pearson_bootstrap,-0.016289940856270557,,2249,
signal_reddit_comment_count,pearson_bootstrap,-0.016898761268190093,,2249,
signal_reddit_comment_count_delta_log1p,pearson_bootstrap,-0.015599250877382686,,2249,
signal_reddit_comment_count_log1p,pearson_bootstrap,-0.0169663157563625,,2249,
signal_reddit_neg_minus_pos,pearson_bootstrap,,,1,
signal_reddit_neg_sentiment_flag,pearson_bootstrap,,,2249,
signal_reddit_negative_ratio,pearson_bootstrap,,,1,
signal_reddit_positive_ratio,pearson_bootstrap,,,1,
signal_reddit_post_count,pearson_bootstrap,-0.01633652987079042,,2249,
signal_reddit_post_count_delta,pearson_bootstrap,-0.016331604199184425,,2249,
signal_reddit_post_count_delta_log1p,pearson_bootstrap,-0.016472261975474446,,2249,
signal_reddit_post_count_log1p,pearson_bootstrap,-0.016333417956247095,,2249,
signal_reddit_post_count_zscore_7d,pearson_bootstrap,,,1,
signal_reddit_score_mean,pearson_bootstrap,,,1,
signal_reddit_score_sum,pearson_bootstrap,-0.01705918698053655,,2249,
signal_reddit_score_sum_delta_log1p,pearson_bootstrap,-0.015778372683140175,,2249,
signal_reddit_score_sum_log1p,pearson_bootstrap,-0.016410499304193436,,2249,
signal_reddit_sentiment_defined,pearson_bootstrap,-0.015851946988590042,,2249,
signal_reddit_sentiment_delta,pearson_bootstrap,,,0,
signal_reddit_sentiment_finbert_mean,pearson_bootstrap,,,1,
signal_reddit_sentiment_finbert_std,pearson_bootstrap,,,1,
signal_reddit_title_sentiment,pearson_bootstrap,,,1,
signal_rss_crypto_article_count,pearson_bootstrap,0.004372444387750049,,2249,
signal_rss_crypto_article_count_delta,pearson_bootstrap,0.017124648374472407,,2249,
signal_rss_crypto_article_count_delta_log1p,pearson_bootstrap,0.011351541701145863,,2249,
signal_rss_crypto_article_count_log1p,pearson_bootstrap,0.0037651659049294964,,2249,
signal_rss_crypto_article_count_zscore_7d,pearson_bootstrap,0.057397920050736226,,88,
signal_rss_crypto_btc_mention_count,pearson_bootstrap,-0.024187031270003424,,2249,
signal_rss_crypto_btc_mention_count_delta_log1p,pearson_bootstrap,-0.026545329774399468,,2249,
signal_rss_crypto_btc_mention_count_log1p,pearson_bootstrap,-0.02381542318814236,,2249,
signal_rss_crypto_btc_mention_delta,pearson_bootstrap,-0.025305523415969512,,2249,
signal_rss_crypto_neg_minus_pos,pearson_bootstrap,-0.060199721131823265,,50,
signal_rss_crypto_neg_sentiment_flag,pearson_bootstrap,-0.01121998265221821,,2249,
signal_rss_crypto_negative_ratio,pearson_bootstrap,-0.13674763461368497,,50,
signal_rss_crypto_positive_ratio,pearson_bootstrap,-0.04626012713142481,,50,
signal_rss_crypto_sentiment_defined,pearson_bootstrap,0.0014736177102346794,,2249,
signal_rss_crypto_sentiment_delta,pearson_bootstrap,0.055798186936509106,,38,
signal_rss_crypto_sentiment_finbert_mean,pearson_bootstrap,0.06068183263446439,,50,
signal_rss_crypto_sentiment_finbert_std,pearson_bootstrap,-0.13407661448296931,,50,
signal_rss_crypto_title_sentiment,pearson_bootstrap,0.08012881010952047,,50,
signal_wiki_bitcoin,pearson_bootstrap,0.01095068722401203,,2249,
signal_wiki_bitcoin_burst,pearson_bootstrap,0.03610690305828881,,2249,
signal_wiki_bitcoin_delta,pearson_bootstrap,0.039591266720356434,,2249,
signal_wiki_bitcoin_delta_log1p,pearson_bootstrap,0.024545513131180526,,2249,
signal_wiki_bitcoin_log1p,pearson_bootstrap,0.011428603511612736,,2249,
signal_wiki_bitcoin_ma7,pearson_bootstrap,-0.007082504268336165,,2244,
signal_wiki_bitcoin_pct_change,pearson_bootstrap,0.034608051907592106,,2249,
signal_wiki_bitcoin_zscore_30d,pearson_bootstrap,0.03999191013266097,,2221,
signal_wiki_cryptocurrency,pearson_bootstrap,-0.019243872736687907,,2249,
signal_wiki_cryptocurrency_burst,pearson_bootstrap,0.03455031637629642,,2249,
signal_wiki_cryptocurrency_delta,pearson_bootstrap,0.0025008248114506415,,2249,
signal_wiki_cryptocurrency_delta_log1p,pearson_bootstrap,0.004741728198564005,,2249,
signal_wiki_cryptocurrency_log1p,pearson_bootstrap,-0.0052869376600940664,,2249,
signal_wiki_cryptocurrency_ma7,pearson_bootstrap,-0.027012979865279105,,2244,
signal_wiki_cryptocurrency_pct_change,pearson_bootstrap,0.0019416297830449265,,2249,
signal_wiki_cryptocurrency_zscore_30d,pearson_bootstrap,0.02038618977235278,,2221,
signal_wiki_ethereum,pearson_bootstrap,-0.01526930287346228,,2249,
signal_wiki_ethereum_burst,pearson_bootstrap,0.046523448753059124,,2249,
signal_wiki_ethereum_delta,pearson_bootstrap,0.027356348465982352,,2249,
signal_wiki_ethereum_delta_log1p,pearson_bootstrap,0.04147249294772647,,2249,
signal_wiki_ethereum_log1p,pearson_bootstrap,-0.010570087663728888,,2249,
signal_wiki_ethereum_ma7,pearson_bootstrap,-0.035651332330107775,,2244,
signal_wiki_ethereum_pct_change,pearson_bootstrap,0.04622143903407406,,2249,
signal_wiki_ethereum_zscore_30d,pearson_bootstrap,0.06627501179161625,,2221,
