experiment_id,created_at,strategy_name,timeframe,universe_label,timerange,trades,profit_total_pct,profit_factor,max_drawdown_pct,status,split_label,idea_spec_id,robustness_score,robustness_flags,notes_short
20260220T110343Z_strat03rsibbmeanreversion-v3c_1h_top10,2026-02-20T11:03:43+00:00,Strat03RSIBBMeanReversion_v3c,1h,top10,20250101-20260201,22,0.07948262199999996,1.1873360457101463,0.3395007950000035,success,,,,,PF > 1 con pocos trades: evidencia estadística limitada. pairs=10
20260220T111132Z_strat03rsibbmeanreversion-v3c_1h_top10,2026-02-20T11:11:32+00:00,Strat03RSIBBMeanReversion_v3c,1h,top10,20250101-20260201,22,0.07948262199999996,1.1873360457101463,0.3395007950000035,success,,,,,PF>1 low trades; pairs=10
20260220T113326Z_strat03rsibbmeanreversion-v3c_1h_top20,2026-02-20T11:33:26+00:00,Strat03RSIBBMeanReversion_v3c,1h,top20,20250101-20260201,43,0.15611712600000002,1.2164235838181934,0.21763206221214987,success,,,,,PF>1; pairs=20
20260220T115817Z_strat06volcompressionbreakout-v1_1h_top10,2026-02-20T11:58:17+00:00,Strat06VolCompressionBreakout_v1,1h,top10,20250101-20260201,213,-2.012635378,0.6089783919773005,2.1735815674820858,success,,,,,PF<1; pairs=10
20260220T115817Z_strat07donchianpullbacktrend-v1_1h_top10,2026-02-20T11:58:17+00:00,Strat07DonchianPullbackTrend_v1,1h,top10,20250101-20260201,249,-3.182147101,0.5187590137982752,3.2642370755931434,success,,,,,PF<1; pairs=10
20260220T120453Z_strat16dailyregimehourlypullback-v1_1h_top10,2026-02-20T12:04:53+00:00,Strat16DailyRegimeHourlyPullback_v1,1h,top10,20250101-20260201,814,-5.917034426,0.6353822838343364,5.964355832000001,success,,,,,PF<1; pairs=10
20260220T121013Z_strat03rsibbmeanreversion-v3c_30m_top10,2026-02-20T12:10:13+00:00,Strat03RSIBBMeanReversion_v3c,30m,top10,20250101-20260201,48,-0.649737781,0.1682442797393629,0.6650744450000048,success,,,,,PF<1; pairs=10
20260220T123024Z_strat17htftrendltfreversion-v1_1h_top10,2026-02-20T12:30:24+00:00,Strat17HTFTrendLTFReversion_v1,1h,top10,20250101-20260201,809,-6.865219531999999,0.530081391044602,6.904643583000006,success,,,,,PF<1; pairs=10
20260220T124508Z_strat18rsibbregimereclaim-v1_1h_top10,2026-02-20T12:45:08+00:00,Strat18RSIBBRegimeReclaim_v1,1h,top10,20250101-20260201,0,0.0,,0.0,partial,,,,,PF missing; pairs=10
20260220T124521Z_strat18rsibbregimereclaim-v1_1h_top10,2026-02-20T12:45:21+00:00,Strat18RSIBBRegimeReclaim_v1,1h,top10,20250101-20260201,184,-1.16084009,0.602440506456234,1.2815160971160988,success,,,,,PF<1; pairs=10
20260220T143206Z_strat03rsibbmeanreversion-v3c_1h_top10-universal,2026-02-20T14:32:06+00:00,Strat03RSIBBMeanReversion_v3c,1h,top10_universal,20250101-20260201,27,0.048288500000000005,1.1180715294703052,0.32419914099999686,success,,,,,PF>1 low trades; pairs=10
20260220T143206Z_strat03rsibbmeanreversion-v3c_1h_top10-mr1h,2026-02-20T14:32:06+00:00,Strat03RSIBBMeanReversion_v3c,1h,top10_mr1h,20250101-20260201,19,0.068273134,1.3254984288306109,0.17522529200000464,success,,,,,PF>1 low trades; pairs=9
20260220T143206Z_strat03rsibbmeanreversion-v3c_1h_top20-mr1h,2026-02-20T14:32:06+00:00,Strat03RSIBBMeanReversion_v3c,1h,top20_mr1h,20250101-20260201,34,0.16035472100000003,1.2988653892307762,0.3148338930000023,success,,,,,PF>1; pairs=18
20260220T144629Z_strat03rsibbmeanreversion-v3c_1h_top20-mr1h-effective,2026-02-20T14:46:29+00:00,Strat03RSIBBMeanReversion_v3c,1h,top20_mr1h_effective,20250601-20250930,8,0.084542069,1.5448070819217712,0.08340514870044786,success,WF_A_TEST,,,,PF>1 low trades; pairs=19
20260220T144629Z_strat03rsibbmeanreversion-v3c_1h_top20-mr1h-effective,2026-02-20T14:46:29+00:00,Strat03RSIBBMeanReversion_v3c,1h,top20_mr1h_effective,20250901-20251231,8,0.11142269799999999,1.851248766294073,0.08346722700000554,success,WF_B_TEST,,,,PF>1 low trades; pairs=19
20260220T144629Z_strat03rsibbmeanreversion-v3c_1h_top20-mr1h-effective,2026-02-20T14:46:29+00:00,Strat03RSIBBMeanReversion_v3c,1h,top20_mr1h_effective,20251101-20260201,4,0.238996631,0.0,0.0,success,WF_C_TEST,,,,PF<1; pairs=19
20260220T144656Z_strat03rsibbmeanreversion-v3c_1h_top20-mr1h-effective-wf-a,2026-02-20T14:46:56+00:00,Strat03RSIBBMeanReversion_v3c,1h,top20_mr1h_effective_WF_A,20250601-20250930,8,0.084542069,1.5448070819217712,0.08340514870044786,success,WF_A_TEST,,,,PF>1 low trades; pairs=19
20260220T144656Z_strat03rsibbmeanreversion-v3c_1h_top20-mr1h-effective-wf-b,2026-02-20T14:46:56+00:00,Strat03RSIBBMeanReversion_v3c,1h,top20_mr1h_effective_WF_B,20250901-20251231,8,0.11142269799999999,1.851248766294073,0.08346722700000554,success,WF_B_TEST,,,,PF>1 low trades; pairs=19
20260220T144656Z_strat03rsibbmeanreversion-v3c_1h_top20-mr1h-effective-wf-c,2026-02-20T14:46:56+00:00,Strat03RSIBBMeanReversion_v3c,1h,top20_mr1h_effective_WF_C,20251101-20260201,4,0.238996631,0.0,0.0,success,WF_C_TEST,,,,PF<1; pairs=19
20260220T144656Z_strat03rsibbmeanreversion-v3c_1h_top10-mr1h-effective-wf-a,2026-02-20T14:46:56+00:00,Strat03RSIBBMeanReversion_v3c,1h,top10_mr1h_effective_WF_A,20250601-20250930,5,0.134363751,3.949693628775965,0.045551765000004706,success,WF_A_TEST,,,,PF>1 low trades; pairs=10
20260220T144656Z_strat03rsibbmeanreversion-v3c_1h_top10-mr1h-effective-wf-b,2026-02-20T14:46:56+00:00,Strat03RSIBBMeanReversion_v3c,1h,top10_mr1h_effective_WF_B,20250901-20251231,3,0.123516844,0.0,0.0,success,WF_B_TEST,,,,PF<1; pairs=10
20260220T144657Z_strat03rsibbmeanreversion-v3c_1h_top10-mr1h-effective-wf-c,2026-02-20T14:46:57+00:00,Strat03RSIBBMeanReversion_v3c,1h,top10_mr1h_effective_WF_C,20251101-20260201,0,0.0,0.0,0.0,success,WF_C_TEST,,,,PF<1; pairs=10
20260220T150748Z_strat03rsibbmeanreversion-v3c_1h_top15-mr1h-effective,2026-02-20T15:07:48+00:00,Strat03RSIBBMeanReversion_v3c,1h,top15_mr1h_effective,20250101-20260201,27,0.18315285199999998,1.5490820965293062,0.24595993499999624,success,,,,,PF>1 low trades; pairs=15
20260220T150749Z_strat03rsibbmeanreversion-v3c_1h_top20-mr1h-effective,2026-02-20T15:07:49+00:00,Strat03RSIBBMeanReversion_v3c,1h,top20_mr1h_effective,20251001-20260201,9,0.29654948200000003,11.73846559859274,0.027611884338650566,success,WF5_TEST,,,,PF>1 low trades; OOS pass; pairs=19
20260220T150749Z_strat03rsibbmeanreversion-v3c_1h_top15-mr1h-effective-fee-base,2026-02-20T15:07:49+00:00,Strat03RSIBBMeanReversion_v3c,1h,top15_mr1h_effective_fee_base,20250101-20260201,27,0.18315285199999998,1.5490820965293062,0.24595993499999624,success,,,,,PF>1 low trades; pairs=15
20260220T150749Z_strat03rsibbmeanreversion-v3c_1h_top15-mr1h-effective-fee-p50,2026-02-20T15:07:49+00:00,Strat03RSIBBMeanReversion_v3c,1h,top15_mr1h_effective_fee_p50,20250101-20260201,27,0.025078504,1.0648121831823227,0.28173773400000074,success,,,,,PF>1 low trades; pairs=15
20260220T150810Z_strat03rsibbmeanreversion-v3c_1h_top15-mr1h-effective,2026-02-20T15:08:10+00:00,Strat03RSIBBMeanReversion_v3c,1h,top15_mr1h_effective,20250201-20250531,11,0.002828138999999996,1.0186878048566783,0.13055290099999864,success,WF1_TEST,,,,PF>1 low trades; OOS pass; pairs=15
20260220T150810Z_strat03rsibbmeanreversion-v3c_1h_top20-mr1h-effective,2026-02-20T15:08:10+00:00,Strat03RSIBBMeanReversion_v3c,1h,top20_mr1h_effective,20250201-20250531,12,-0.052027460999999976,0.7476742865362949,0.1854085009999949,success,WF1_TEST,,,,PF<1; OOS fail; pairs=19
20260220T150811Z_strat03rsibbmeanreversion-v3c_1h_top15-mr1h-effective,2026-02-20T15:08:11+00:00,Strat03RSIBBMeanReversion_v3c,1h,top15_mr1h_effective,20250401-20250731,12,0.073494751,1.5224435567293062,0.0743400700000052,success,WF2_TEST,,,,PF>1 low trades; OOS pass; pairs=15
20260220T150811Z_strat03rsibbmeanreversion-v3c_1h_top20-mr1h-effective,2026-02-20T15:08:11+00:00,Strat03RSIBBMeanReversion_v3c,1h,top20_mr1h_effective,20250401-20250731,12,0.073494751,1.5224435567293062,0.0743400700000052,success,WF2_TEST,,,,PF>1 low trades; OOS pass; pairs=19
20260220T150811Z_strat03rsibbmeanreversion-v3c_1h_top15-mr1h-effective,2026-02-20T15:08:11+00:00,Strat03RSIBBMeanReversion_v3c,1h,top15_mr1h_effective,20250601-20250930,5,0.134363751,3.949693628775965,0.045551765000004706,success,WF3_TEST,,,,PF>1 low trades; OOS pass; pairs=15
20260220T150811Z_strat03rsibbmeanreversion-v3c_1h_top20-mr1h-effective,2026-02-20T15:08:11+00:00,Strat03RSIBBMeanReversion_v3c,1h,top20_mr1h_effective,20250601-20250930,8,0.084542069,1.5448070819217712,0.08340514870044786,success,WF3_TEST,,,,PF>1 low trades; OOS pass; pairs=19
20260220T150811Z_strat03rsibbmeanreversion-v3c_1h_top15-mr1h-effective,2026-02-20T15:08:11+00:00,Strat03RSIBBMeanReversion_v3c,1h,top15_mr1h_effective,20250801-20251130,5,0.16222588000000002,8.628056613532705,0.021238652400239585,success,WF4_TEST,,,,PF>1 low trades; OOS pass; pairs=15
20260220T150811Z_strat03rsibbmeanreversion-v3c_1h_top20-mr1h-effective,2026-02-20T15:08:11+00:00,Strat03RSIBBMeanReversion_v3c,1h,top20_mr1h_effective,20250801-20251130,8,0.11240419800000001,1.8587472444238846,0.0834171966720993,success,WF4_TEST,,,,PF>1 low trades; OOS pass; pairs=19
20260220T150811Z_strat03rsibbmeanreversion-v3c_1h_top15-mr1h-effective,2026-02-20T15:08:11+00:00,Strat03RSIBBMeanReversion_v3c,1h,top15_mr1h_effective,20251001-20260201,6,0.18295356599999998,9.60269741853576,0.02126411620861697,success,WF5_TEST,,,,PF>1 low trades; OOS pass; pairs=15
20260220T150811Z_strat03rsibbmeanreversion-v3c_1h_top20-mr1h-effective,2026-02-20T15:08:11+00:00,Strat03RSIBBMeanReversion_v3c,1h,top20_mr1h_effective,20251001-20260201,9,0.29654948200000003,11.73846559859274,0.027611884338650566,success,WF5_TEST,,,,PF>1 low trades; OOS pass; pairs=19
20260220T150811Z_strat03rsibbmeanreversion-v3c_1h_top15-mr1h-effective,2026-02-20T15:08:11+00:00,Strat03RSIBBMeanReversion_v3c,1h,top15_mr1h_effective,20250301-20250630,12,-0.018656114000000005,0.89204907529222,0.13055290099999864,success,WF6_TEST,,,,PF<1; OOS fail; pairs=15
20260220T150811Z_strat03rsibbmeanreversion-v3c_1h_top20-mr1h-effective,2026-02-20T15:08:11+00:00,Strat03RSIBBMeanReversion_v3c,1h,top20_mr1h_effective,20250301-20250630,13,-0.07351171399999998,0.6771212692904564,0.1854085009999949,success,WF6_TEST,,,,PF<1; OOS fail; pairs=19
20260220T153233Z_strat03rsibbmeanreversion-v3c_3h_top15-mr3h-effective,2026-02-20T15:32:33+00:00,Strat03RSIBBMeanReversion_v3c,3h,top15_mr3h_effective,20250101-20260201,0,0.0,,0.0,success,,,,,PF missing; pairs=13
20260220T153234Z_strat03rsibbmeanreversion-v3c_3h_top20-mr3h-effective,2026-02-20T15:32:34+00:00,Strat03RSIBBMeanReversion_v3c,3h,top20_mr3h_effective,20250101-20260201,0,0.0,,0.0,success,,,,,PF missing; pairs=14
20260220T153234Z_strat19volcompressionbreakout-3h-v1_3h_top15-mr3h-effective,2026-02-20T15:32:34+00:00,Strat19VolCompressionBreakout_3h_v1,3h,top15_mr3h_effective,20250101-20260201,0,0.0,,0.0,success,,,,,PF missing; pairs=13
20260220T154533Z_strat03rsibbmeanreversion-v3c_2h_top20-mr2h-effective,2026-02-20T15:45:33+00:00,Strat03RSIBBMeanReversion_v3c,2h,top20_mr2h_effective,20250101-20260201,23,-0.14666593699999997,0.7744153838948983,0.29785411000000295,success,,,,,PF<1; pairs=19
20260220T154539Z_strat03rsibbmeanreversion-v3c_4h_top15-mr4h-effective,2026-02-20T15:45:39+00:00,Strat03RSIBBMeanReversion_v3c,4h,top15_mr4h_effective,20250101-20260201,4,-0.07496954899999998,0.6018627655872661,0.12402985799999443,success,,,,,PF<1; pairs=13
20260220T154543Z_strat19volcompressionbreakout-4h-v1_4h_top15-mr4h-effective,2026-02-20T15:45:43+00:00,Strat19VolCompressionBreakout_4h_v1,4h,top15_mr4h_effective,20250101-20260201,142,1.1785968269999998,1.2663356817810072,0.9430846514807856,success,,,,,PF>1; pairs=13
20260220T154633Z_strat03rsibbmeanreversion-v3c_2h_top15-mr2h-effective,2026-02-20T15:46:33+00:00,Strat03RSIBBMeanReversion_v3c,2h,top15_mr2h_effective,20250101-20260201,19,-0.38678508600000006,0.4050918234648534,0.4667582390000007,success,,,,,PF<1; pairs=14
20260220T154633Z_strat03rsibbmeanreversion-v3c_4h_top20-mr4h-effective,2026-02-20T15:46:33+00:00,Strat03RSIBBMeanReversion_v3c,4h,top20_mr4h_effective,20250101-20260201,5,-0.17377489299999996,0.39473636153840636,0.17377489299999524,success,,,,,PF<1; pairs=17
20260220T160214Z_strat19volcompressionbreakout-4h-v1_4h_top15-mr4h-effective,2026-02-20T16:02:14+00:00,Strat19VolCompressionBreakout_4h_v1,4h,top15_mr4h_effective,20250701-20251031,66,1.6146716380000001,1.948988829234356,0.41718832155497443,success,WF4_TEST,,,,PF>1; OOS pass; pairs=13
20260220T160214Z_strat19volcompressionbreakout-4h-v1_4h_top15-mr4h-effective-fee-base,2026-02-20T16:02:14+00:00,Strat19VolCompressionBreakout_4h_v1,4h,top15_mr4h_effective_fee_base,20250101-20260201,142,1.1785968269999998,1.2663356817810072,0.9430846514807856,success,,,,,PF>1; pairs=13
20260220T160214Z_strat19volcompressionbreakout-4h-v1_4h_top15-mr4h-effective-fee50,2026-02-20T16:02:14+00:00,Strat19VolCompressionBreakout_4h_v1,4h,top15_mr4h_effective_fee50,20250101-20260201,142,0.867289316,1.18736822474059,1.0109554685746072,success,,,,,PF>1; pairs=13
20260220T160214Z_strat19volcompressionbreakout-4h-v1_4h_top15-mr4h-effective,2026-02-20T16:02:14+00:00,Strat19VolCompressionBreakout_4h_v1,4h,top15_mr4h_effective,20250101-20260201,142,1.1785968269999998,1.2663356817810072,0.9430846514807856,success,,,,,PF>1; pairs=13
20260220T160224Z_strat19volcompressionbreakout-4h-v1_4h_top15-mr4h-effective-wf4,2026-02-20T16:02:24+00:00,Strat19VolCompressionBreakout_4h_v1,4h,top15_mr4h_effective_wf4,20250701-20251031,66,1.6146716380000001,1.948988829234356,0.41718832155497443,success,WF4_TEST,,,,PF>1; OOS pass; pairs=13
20260220T160710Z_strat20donchianregimepullback-4h-v1_4h_top15-mr4h-effective,2026-02-20T16:07:10+00:00,Strat20DonchianRegimePullback_4h_v1,4h,top15_mr4h_effective,20250101-20260201,259,-3.8614557429999996,0.5957520961038163,4.165302690159025,success,,,,,PF<1; pairs=13
20260220T161205Z_strat21emaregimereclaim-4h-v1_4h_top15-mr4h-effective,2026-02-20T16:12:05+00:00,Strat21EMARegimeReclaim_4h_v1,4h,top15_mr4h_effective,20250101-20260201,135,-1.5777451799999997,0.6447204755768251,1.6187286709999966,success,,,,,PF<1; pairs=13
20260220T161637Z_strat19volcompressionbreakout-4h-v1_4h_top10-mr4h-effective-refresh,2026-02-20T16:16:37+00:00,Strat19VolCompressionBreakout_4h_v1,4h,top10_mr4h_effective_refresh,20250101-20260201,107,0.6585819990000001,1.2440057919280956,0.8228074751952739,success,,,,,PF>1; pairs=9
20260220T161637Z_strat19volcompressionbreakout-4h-v1_4h_top20-mr4h-effective-refresh,2026-02-20T16:16:37+00:00,Strat19VolCompressionBreakout_4h_v1,4h,top20_mr4h_effective_refresh,20250101-20260201,157,0.46406330199999973,1.0817094877574038,1.3581098089999954,success,,,,,PF>1; pairs=17
20260220T161637Z_strat19volcompressionbreakout-4h-v1_4h_top15-mr4h-effective-refresh,2026-02-20T16:16:37+00:00,Strat19VolCompressionBreakout_4h_v1,4h,top15_mr4h_effective_refresh,20250101-20260201,142,1.1785968269999998,1.2663356817810072,0.9430846514807856,success,,,,,PF>1; pairs=13
20260220T161648Z_strat19volcompressionbreakout-4h-v1_4h_top15-mr4h-effective-wf4-refresh,2026-02-20T16:16:48+00:00,Strat19VolCompressionBreakout_4h_v1,4h,top15_mr4h_effective_wf4_refresh,20250701-20251031,66,1.6146716380000001,1.948988829234356,0.41718832155497443,success,WF4_TEST,,,,PF>1; OOS pass; pairs=13
20260220T161648Z_strat19volcompressionbreakout-4h-v1_4h_top10-mr4h-effective-wf4-refresh,2026-02-20T16:16:48+00:00,Strat19VolCompressionBreakout_4h_v1,4h,top10_mr4h_effective_wf4_refresh,20250701-20251031,49,1.081958006,2.0161971154264338,0.2981537679402652,success,WF4_TEST,,,,PF>1; OOS pass; pairs=9
20260220T161648Z_strat19volcompressionbreakout-4h-v1_4h_top15-mr4h-effective-fee50-refresh,2026-02-20T16:16:48+00:00,Strat19VolCompressionBreakout_4h_v1,4h,top15_mr4h_effective_fee50_refresh,20250101-20260201,142,0.867289316,1.18736822474059,1.0109554685746072,success,,,,,PF>1; pairs=13
20260220T163146Z_strat22trendreclaim-1h-v1_1h_top15-mr1h-effective,2026-02-20T16:31:46+00:00,Strat22TrendReclaim_1h_v1,1h,top15_mr1h_effective,20250101-20260201,964,-9.514306576,0.5015985003174983,9.614693423483079,success,,,,,PF<1; pairs=15
20260220T165606Z_strat03rsibbmeanreversion-v3c_1h_top15-mr1h-effective,2026-02-20T16:56:06+00:00,Strat03RSIBBMeanReversion_v3c,1h,top15_mr1h_effective,20250101-20260201,27,0.18315285199999998,1.5490820965293062,0.24595993499999624,success,,strat03_v3c_spec,100.0,ROBUST_CANDIDATE,PF>1 low trades; pairs=15
20260220T171810Z_strat03rsibbmeanreversion-v3c_1h_top15-mr1h-effective-wf-a-ext,2026-02-20T17:18:10+00:00,Strat03RSIBBMeanReversion_v3c,1h,top15_mr1h_effective_WF_A_EXT,20250601-20250930,5,0.134363751,3.949693628775965,0.045551765000004706,success,WF_A_TEST,,,,PF>1 low trades; OOS pass; pairs=15
20260220T171810Z_strat03rsibbmeanreversion-v3c_1h_top15-mr1h-effective-wf-b-ext,2026-02-20T17:18:10+00:00,Strat03RSIBBMeanReversion_v3c,1h,top15_mr1h_effective_WF_B_EXT,20250901-20251231,5,0.16124438000000002,8.58190529928998,0.02125138114696654,success,WF_B_TEST,,,,PF>1 low trades; OOS pass; pairs=15
20260220T171810Z_strat03rsibbmeanreversion-v3c_1h_top15-mr1h-effective-wf-c-ext,2026-02-20T17:18:10+00:00,Strat03RSIBBMeanReversion_v3c,1h,top15_mr1h_effective_WF_C_EXT,20251101-20260201,2,0.11905208599999999,0.0,0.0,success,WF_C_TEST,,,,PF<1; OOS fail; pairs=15
20260220T171810Z_strat19volcompressionbreakout-4h-v1_4h_top10-mr4h-effective-wf-a-ext,2026-02-20T17:18:10+00:00,Strat19VolCompressionBreakout_4h_v1,4h,top10_mr4h_effective_WF_A_EXT,20250601-20250930,58,0.7752974570000001,1.533201096230938,0.5221683220000045,success,WF_A_TEST,,,,PF>1; OOS pass; pairs=9
20260220T171810Z_strat19volcompressionbreakout-4h-v1_4h_top10-mr4h-effective-wf-b-ext,2026-02-20T17:18:10+00:00,Strat19VolCompressionBreakout_4h_v1,4h,top10_mr4h_effective_WF_B_EXT,20250901-20251231,17,0.040835252,1.1027153293167204,0.152887439999995,success,WF_B_TEST,,,,PF>1 low trades; OOS pass; pairs=9
20260220T171811Z_strat19volcompressionbreakout-4h-v1_4h_top15-mr4h-effective-wf-a-ext,2026-02-20T17:18:11+00:00,Strat19VolCompressionBreakout_4h_v1,4h,top15_mr4h_effective_WF_A_EXT,20250601-20250930,71,1.151254972,1.5820401865098959,0.432157030999997,success,WF_A_TEST,,,,PF>1; OOS pass; pairs=13
20260220T171811Z_strat19volcompressionbreakout-4h-v1_4h_top15-mr4h-effective-wf-b-ext,2026-02-20T17:18:11+00:00,Strat19VolCompressionBreakout_4h_v1,4h,top15_mr4h_effective_WF_B_EXT,20250901-20251231,31,0.688387593,1.8322003391645014,0.34069375111913525,success,WF_B_TEST,,,,PF>1; OOS pass; pairs=13
20260220T173616Z_strat03rsibbmeanreversion-v3c_1h_top15-mr1h-effective-wf-d-ext,2026-02-20T17:36:16+00:00,Strat03RSIBBMeanReversion_v3c,1h,top15_mr1h_effective_WF_D_EXT,20250101-20250430,13,-0.21143572300000002,0.1403651858990774,0.24595993499999624,success,WF_D_TEST,,,,PF<1; OOS fail; pairs=15
20260220T173616Z_strat03rsibbmeanreversion-v3c_1h_top15-mr1h-effective-wf-e-ext,2026-02-20T17:36:16+00:00,Strat03RSIBBMeanReversion_v3c,1h,top15_mr1h_effective_WF_E_EXT,20250401-20250731,12,0.073494751,1.5224435567293062,0.0743400700000052,success,WF_E_TEST,,,,PF>1 low trades; OOS pass; pairs=15
20260220T173616Z_strat03rsibbmeanreversion-v3c_1h_top15-mr1h-effective-wf-f-ext,2026-02-20T17:36:16+00:00,Strat03RSIBBMeanReversion_v3c,1h,top15_mr1h_effective_WF_F_EXT,20250701-20251031,8,0.149674919,2.595281649405836,0.0725565070000016,success,WF_F_TEST,,,,PF>1 low trades; OOS pass; pairs=15
20260220T174750Z_strat03rsibbmeanreversion-v3c_1h_top15-mr1h-effective-fee-base-20260220,2026-02-20T17:47:50+00:00,Strat03RSIBBMeanReversion_v3c,1h,top15_mr1h_effective_fee_base_20260220,20250101-20260201,27,0.18315285199999998,1.5490820965293062,0.24595993499999624,success,,,,,PF>1 low trades; pairs=15
20260220T174750Z_strat03rsibbmeanreversion-v3c_1h_top15-mr1h-effective-fee-p25-20260220,2026-02-20T17:47:50+00:00,Strat03RSIBBMeanReversion_v3c,1h,top15_mr1h_effective_fee_p25_20260220,20250101-20260201,27,0.15344450899999998,1.4275834249224542,0.2638488339999981,success,,,,,PF>1 low trades; pairs=15
20260220T174750Z_strat03rsibbmeanreversion-v3c_1h_top15-mr1h-effective-fee-p50-20260220,2026-02-20T17:47:50+00:00,Strat03RSIBBMeanReversion_v3c,1h,top15_mr1h_effective_fee_p50_20260220,20250101-20260201,27,0.025078504,1.0648121831823227,0.28173773400000074,success,,,,,PF>1 low trades; pairs=15
20260220T174750Z_strat03rsibbmeanreversion-v3c_1h_top15-mr1h-effective-fee-p75-20260220,2026-02-20T17:47:50+00:00,Strat03RSIBBMeanReversion_v3c,1h,top15_mr1h_effective_fee_p75_20260220,20250101-20260201,27,-0.007642489000000002,0.9815285186028728,0.2996266340000034,success,,,,,PF<1; pairs=15
20260220T174750Z_strat03rsibbmeanreversion-v3c_1h_top15-mr1h-effective-fee-p100-20260220,2026-02-20T17:47:50+00:00,Strat03RSIBBMeanReversion_v3c,1h,top15_mr1h_effective_fee_p100_20260220,20250101-20260201,27,-0.040363484000000005,0.9083792184595672,0.31751553300000523,success,,,,,PF<1; pairs=15
20260220T175456Z_strat03rsibbmeanreversion-v3c_1h_top15-mr1h-effective-wf-g-ext,2026-02-20T17:54:56+00:00,Strat03RSIBBMeanReversion_v3c,1h,top15_mr1h_effective_WF_G_EXT,20250115-20250515,13,-0.181571064,0.1597638441665888,0.20622255299999778,success,WF_G_TEST,,,,PF<1; OOS fail; pairs=15
20260220T175457Z_strat03rsibbmeanreversion-v3c_1h_top15-mr1h-effective-wf-h-ext,2026-02-20T17:54:57+00:00,Strat03RSIBBMeanReversion_v3c,1h,top15_mr1h_effective_WF_H_EXT,20250215-20250615,12,-0.018656114000000005,0.89204907529222,0.13055290099999864,success,WF_H_TEST,,,,PF<1; OOS fail; pairs=15
20260220T175457Z_strat03rsibbmeanreversion-v3c_1h_top15-mr1h-effective-wf-i-ext,2026-02-20T17:54:57+00:00,Strat03RSIBBMeanReversion_v3c,1h,top15_mr1h_effective_WF_I_EXT,20250315-20250715,10,0.03755671700000001,1.3220780705391193,0.0743400700000052,success,WF_I_TEST,,,,PF>1 low trades; OOS pass; pairs=15
20260220T175457Z_strat03rsibbmeanreversion-v3c_1h_top15-mr1h-effective-wf-j-ext,2026-02-20T17:54:57+00:00,Strat03RSIBBMeanReversion_v3c,1h,top15_mr1h_effective_WF_J_EXT,20250415-20250815,12,0.064986465,1.4356148982446717,0.08284835599999951,success,WF_J_TEST,,,,PF>1 low trades; OOS pass; pairs=15
20260220T175457Z_strat03rsibbmeanreversion-v3c_1h_top15-mr1h-effective-wf-k-ext,2026-02-20T17:54:57+00:00,Strat03RSIBBMeanReversion_v3c,1h,top15_mr1h_effective_WF_K_EXT,20250515-20250915,7,0.18315936800000002,4.243928195943574,0.04550229056376864,success,WF_K_TEST,,,,PF>1 low trades; OOS pass; pairs=15
20260220T175457Z_strat03rsibbmeanreversion-v3c_1h_top15-mr1h-effective-wf-l-ext,2026-02-20T17:54:57+00:00,Strat03RSIBBMeanReversion_v3c,1h,top15_mr1h_effective_WF_L_EXT,20250615-20251015,7,0.19816391400000002,5.371149158945397,0.02406751199999917,success,WF_L_TEST,,,,PF>1 low trades; OOS pass; pairs=15
20260220T181256Z_strat03rsibbmeanreversion-v3c_1h_top20-mr1h-effective-wf-d-ext,2026-02-20T18:12:56+00:00,Strat03RSIBBMeanReversion_v3c,1h,top20_mr1h_effective_WF_D_EXT,20250101-20250430,15,-0.32407144300000007,0.09627615817040502,0.3585956549999992,success,WF_D_TEST,,,,PF<1; OOS fail; pairs=19
20260220T181257Z_strat03rsibbmeanreversion-v3c_1h_top20-mr1h-effective-wf-e-ext,2026-02-20T18:12:57+00:00,Strat03RSIBBMeanReversion_v3c,1h,top20_mr1h_effective_WF_E_EXT,20250401-20250731,12,0.073494751,1.5224435567293062,0.0743400700000052,success,WF_E_TEST,,,,PF>1 low trades; OOS pass; pairs=19
20260220T181257Z_strat03rsibbmeanreversion-v3c_1h_top20-mr1h-effective-wf-f-ext,2026-02-20T18:12:57+00:00,Strat03RSIBBMeanReversion_v3c,1h,top20_mr1h_effective_WF_F_EXT,20250701-20251031,11,0.099853237,1.4908005286455666,0.08342766136903054,success,WF_F_TEST,,,,PF>1 low trades; OOS pass; pairs=19
20260220T181257Z_strat03rsibbmeanreversion-v3c_1h_top20-mr1h-effective-wf-g-ext,2026-02-20T18:12:57+00:00,Strat03RSIBBMeanReversion_v3c,1h,top20_mr1h_effective_WF_G_EXT,20250115-20250515,14,-0.23642666400000006,0.12741871334640006,0.26107815300000536,success,WF_G_TEST,,,,PF<1; OOS fail; pairs=19
20260220T181257Z_strat03rsibbmeanreversion-v3c_1h_top20-mr1h-effective-wf-h-ext,2026-02-20T18:12:57+00:00,Strat03RSIBBMeanReversion_v3c,1h,top20_mr1h_effective_WF_H_EXT,20250215-20250615,13,-0.07351171399999998,0.6771212692904564,0.1854085009999949,success,WF_H_TEST,,,,PF<1; OOS fail; pairs=19
20260220T181257Z_strat03rsibbmeanreversion-v3c_1h_top20-mr1h-effective-wf-i-ext,2026-02-20T18:12:57+00:00,Strat03RSIBBMeanReversion_v3c,1h,top20_mr1h_effective_WF_I_EXT,20250315-20250715,11,-0.017298883,0.8991101671178864,0.12919567000000143,success,WF_I_TEST,,,,PF<1; OOS fail; pairs=19
20260220T181257Z_strat03rsibbmeanreversion-v3c_1h_top20-mr1h-effective-wf-j-ext,2026-02-20T18:12:57+00:00,Strat03RSIBBMeanReversion_v3c,1h,top20_mr1h_effective_WF_J_EXT,20250415-20250815,12,0.064986465,1.4356148982446717,0.08284835599999951,success,WF_J_TEST,,,,PF>1 low trades; OOS pass; pairs=19
20260220T181257Z_strat03rsibbmeanreversion-v3c_1h_top20-mr1h-effective-wf-k-ext,2026-02-20T18:12:57+00:00,Strat03RSIBBMeanReversion_v3c,1h,top20_mr1h_effective_WF_K_EXT,20250515-20250915,7,0.18315936800000002,4.243928195943574,0.04550229056376864,success,WF_K_TEST,,,,PF>1 low trades; OOS pass; pairs=19
20260220T181257Z_strat03rsibbmeanreversion-v3c_1h_top20-mr1h-effective-wf-l-ext,2026-02-20T18:12:57+00:00,Strat03RSIBBMeanReversion_v3c,1h,top20_mr1h_effective_WF_L_EXT,20250615-20251015,10,0.14834223200000002,1.957289136314715,0.08338724689764507,success,WF_L_TEST,,,,PF>1 low trades; OOS pass; pairs=19
20260220T181307Z_strat03rsibbmeanreversion-v3c_1h_top15-mr1h-effective-lopo-rm-btc-usdt,2026-02-20T18:13:07+00:00,Strat03RSIBBMeanReversion_v3c,1h,top15_mr1h_effective_LOPO_rm_BTC_USDT,20250101-20260201,25,0.21450982799999999,1.7098158595021564,0.24595993499999624,success,LOPO_BTC_USDT,,,,PF>1 low trades; pairs=14
20260220T181307Z_strat03rsibbmeanreversion-v3c_1h_top15-mr1h-effective-lopo-rm-eth-usdt,2026-02-20T18:13:07+00:00,Strat03RSIBBMeanReversion_v3c,1h,top15_mr1h_effective_LOPO_rm_ETH_USDT,20250101-20260201,24,0.22229147100000002,1.855299312166373,0.18216982699999562,success,LOPO_ETH_USDT,,,,PF>1 low trades; pairs=14
20260220T181307Z_strat03rsibbmeanreversion-v3c_1h_top15-mr1h-effective-lopo-rm-xrp-usdt,2026-02-20T18:13:07+00:00,Strat03RSIBBMeanReversion_v3c,1h,top15_mr1h_effective_LOPO_rm_XRP_USDT,20250101-20260201,26,0.19406330100000005,1.6014642650437032,0.24595993499999624,success,LOPO_XRP_USDT,,,,PF>1 low trades; pairs=14
20260220T181307Z_strat03rsibbmeanreversion-v3c_1h_top15-mr1h-effective-lopo-rm-sol-usdt,2026-02-20T18:13:07+00:00,Strat03RSIBBMeanReversion_v3c,1h,top15_mr1h_effective_LOPO_rm_SOL_USDT,20250101-20260201,25,0.138063476,1.4331847374943678,0.23111537700000329,success,LOPO_SOL_USDT,,,,PF>1 low trades; pairs=14
20260220T181307Z_strat03rsibbmeanreversion-v3c_1h_top15-mr1h-effective-lopo-rm-bnb-usdt,2026-02-20T18:13:07+00:00,Strat03RSIBBMeanReversion_v3c,1h,top15_mr1h_effective_LOPO_rm_BNB_USDT,20250101-20260201,26,0.133131716,1.3991215039109748,0.24595993499999624,success,LOPO_BNB_USDT,,,,PF>1 low trades; pairs=14
20260220T181307Z_strat03rsibbmeanreversion-v3c_1h_top15-mr1h-effective-lopo-rm-paxg-usdt,2026-02-20T18:13:07+00:00,Strat03RSIBBMeanReversion_v3c,1h,top15_mr1h_effective_LOPO_rm_PAXG_USDT,20250101-20260201,24,0.189519843,1.6042724405367061,0.2260311699999988,success,LOPO_PAXG_USDT,,,,PF>1 low trades; pairs=14
20260220T181308Z_strat03rsibbmeanreversion-v3c_1h_top15-mr1h-effective-lopo-rm-trx-usdt,2026-02-20T18:13:08+00:00,Strat03RSIBBMeanReversion_v3c,1h,top15_mr1h_effective_LOPO_rm_TRX_USDT,20250101-20260201,22,0.242198777,1.8822758009027427,0.2109815219999973,success,LOPO_TRX_USDT,,,,PF>1 low trades; pairs=14
20260220T181308Z_strat03rsibbmeanreversion-v3c_1h_top15-mr1h-effective-lopo-rm-arb-usdt,2026-02-20T18:13:08+00:00,Strat03RSIBBMeanReversion_v3c,1h,top15_mr1h_effective_LOPO_rm_ARB_USDT,20250101-20260201,25,0.06317127000000002,1.1893839653232312,0.24595993499999624,success,LOPO_ARB_USDT,,,,PF>1 low trades; pairs=14
20260220T181308Z_strat03rsibbmeanreversion-v3c_1h_top15-mr1h-effective-lopo-rm-aave-usdt,2026-02-20T18:13:08+00:00,Strat03RSIBBMeanReversion_v3c,1h,top15_mr1h_effective_LOPO_rm_AAVE_USDT,20250101-20260201,25,0.16731059000000004,1.5773310092946478,0.20219817299999931,success,LOPO_AAVE_USDT,,,,PF>1 low trades; pairs=14
20260220T181308Z_strat03rsibbmeanreversion-v3c_1h_top15-mr1h-effective-lopo-rm-ltc-usdt,2026-02-20T18:13:08+00:00,Strat03RSIBBMeanReversion_v3c,1h,top15_mr1h_effective_LOPO_rm_LTC_USDT,20250101-20260201,27,0.18315285199999998,1.5490820965293062,0.24595993499999624,success,LOPO_LTC_USDT,,,,PF>1 low trades; pairs=14
20260220T181308Z_strat03rsibbmeanreversion-v3c_1h_top15-mr1h-effective-lopo-rm-uni-usdt,2026-02-20T18:13:08+00:00,Strat03RSIBBMeanReversion_v3c,1h,top15_mr1h_effective_LOPO_rm_UNI_USDT,20250101-20260201,27,0.18315285199999998,1.5490820965293062,0.24595993499999624,success,LOPO_UNI_USDT,,,,PF>1 low trades; pairs=14
20260220T181308Z_strat03rsibbmeanreversion-v3c_1h_top15-mr1h-effective-lopo-rm-snx-usdt,2026-02-20T18:13:08+00:00,Strat03RSIBBMeanReversion_v3c,1h,top15_mr1h_effective_LOPO_rm_SNX_USDT,20250101-20260201,25,0.14438387600000002,1.462331882285919,0.24595993499999624,success,LOPO_SNX_USDT,,,,PF>1 low trades; pairs=14
20260220T181308Z_strat03rsibbmeanreversion-v3c_1h_top15-mr1h-effective-lopo-rm-op-usdt,2026-02-20T18:13:08+00:00,Strat03RSIBBMeanReversion_v3c,1h,top15_mr1h_effective_LOPO_rm_OP_USDT,20250101-20260201,25,0.15959152599999998,1.5372264584426134,0.20946371100000077,success,LOPO_OP_USDT,,,,PF>1 low trades; pairs=14
20260220T181308Z_strat03rsibbmeanreversion-v3c_1h_top15-mr1h-effective-lopo-rm-ada-usdt,2026-02-20T18:13:08+00:00,Strat03RSIBBMeanReversion_v3c,1h,top15_mr1h_effective_LOPO_rm_ADA_USDT,20250101-20260201,27,0.18315285199999998,1.5490820965293062,0.24595993499999624,success,LOPO_ADA_USDT,,,,PF>1 low trades; pairs=14
20260220T181308Z_strat03rsibbmeanreversion-v3c_1h_top15-mr1h-effective-lopo-rm-bch-usdt,2026-02-20T18:13:08+00:00,Strat03RSIBBMeanReversion_v3c,1h,top15_mr1h_effective_LOPO_rm_BCH_USDT,20250101-20260201,25,0.146445698,1.4704712487039975,0.22367255299999442,success,LOPO_BCH_USDT,,,,PF>1 low trades; pairs=14
20260220T181736Z_strat03rsibbmeanreversion-v3c_1h_top15-mr1h-stable-candidate-sanity,2026-02-20T18:17:36+00:00,Strat03RSIBBMeanReversion_v3c,1h,top15_mr1h_stable_candidate_sanity,20250101-20260201,20,0.273555753,2.1250078575139217,0.2109815219999973,success,,,,,PF>1 low trades; pairs=13
20260220T181818Z_strat03rsibbmeanreversion-v3c_1h_top20-mr1h-effective-sanity-refresh-20260220,2026-02-20T18:18:18+00:00,Strat03RSIBBMeanReversion_v3c,1h,top20_mr1h_effective_sanity_refresh_20260220,20250101-20260201,34,0.140639995,1.2530298094331938,0.3585956549999992,success,,,,,PF>1; pairs=19
20260220T182843Z_strat03rsibbmeanreversion-v3c_1h_top15-mr1h-stable-candidate-wf-a,2026-02-20T18:28:43+00:00,Strat03RSIBBMeanReversion_v3c,1h,top15_mr1h_stable_candidate_WF_A,20250601-20250930,3,0.179915516,0.0,0.0,success,WF_A_TEST,,,,PF<1; OOS fail; pairs=13
20260220T182843Z_strat03rsibbmeanreversion-v3c_1h_top15-mr1h-stable-candidate-wf-b,2026-02-20T18:28:43+00:00,Strat03RSIBBMeanReversion_v3c,1h,top15_mr1h_stable_candidate_WF_B,20250901-20251231,5,0.16124438000000002,8.58190529928998,0.02125138114696654,success,WF_B_TEST,,,,PF>1 low trades; OOS pass; pairs=13
20260220T182843Z_strat03rsibbmeanreversion-v3c_1h_top15-mr1h-stable-candidate-wf-c,2026-02-20T18:28:43+00:00,Strat03RSIBBMeanReversion_v3c,1h,top15_mr1h_stable_candidate_WF_C,20251101-20260201,2,0.11905208599999999,0.0,0.0,success,WF_C_TEST,,,,PF<1; OOS fail; pairs=13
20260220T182843Z_strat03rsibbmeanreversion-v3c_1h_top15-mr1h-stable-candidate-wf-d,2026-02-20T18:28:43+00:00,Strat03RSIBBMeanReversion_v3c,1h,top15_mr1h_stable_candidate_WF_D,20250101-20250430,9,-0.17645731000000003,0.16363618800702365,0.2109815219999973,success,WF_D_TEST,,,,PF<1; OOS fail; pairs=13
20260220T182843Z_strat03rsibbmeanreversion-v3c_1h_top15-mr1h-stable-candidate-wf-e,2026-02-20T18:28:43+00:00,Strat03RSIBBMeanReversion_v3c,1h,top15_mr1h_stable_candidate_WF_E,20250401-20250731,7,0.151918527,3.4404100057073577,0.05134078199999976,success,WF_E_TEST,,,,PF>1 low trades; OOS pass; pairs=13
20260220T182843Z_strat03rsibbmeanreversion-v3c_1h_top15-mr1h-stable-candidate-wf-f,2026-02-20T18:28:43+00:00,Strat03RSIBBMeanReversion_v3c,1h,top15_mr1h_stable_candidate_WF_F,20250701-20251031,7,0.173742431,3.4907168337287713,0.048488995000002436,success,WF_F_TEST,,,,PF>1 low trades; OOS pass; pairs=13
20260220T182843Z_strat03rsibbmeanreversion-v3c_1h_top15-mr1h-stable-candidate-wf-g,2026-02-20T18:28:43+00:00,Strat03RSIBBMeanReversion_v3c,1h,top15_mr1h_stable_candidate_WF_G,20250115-20250515,8,-0.136719928,0.20160813678062212,0.17124413999999888,success,WF_G_TEST,,,,PF<1; OOS fail; pairs=13
20260220T182843Z_strat03rsibbmeanreversion-v3c_1h_top15-mr1h-stable-candidate-wf-h,2026-02-20T18:28:43+00:00,Strat03RSIBBMeanReversion_v3c,1h,top15_mr1h_stable_candidate_WF_H,20250215-20250615,8,0.03570015,1.301358482878968,0.10755361300000459,success,WF_H_TEST,,,,PF>1 low trades; OOS pass; pairs=13
20260220T182843Z_strat03rsibbmeanreversion-v3c_1h_top15-mr1h-stable-candidate-wf-i,2026-02-20T18:28:43+00:00,Strat03RSIBBMeanReversion_v3c,1h,top15_mr1h_stable_candidate_WF_I,20250315-20250715,6,0.091912981,2.476484553373732,0.05134078199999976,success,WF_I_TEST,,,,PF>1 low trades; OOS pass; pairs=13
20260220T182843Z_strat03rsibbmeanreversion-v3c_1h_top15-mr1h-stable-candidate-wf-j,2026-02-20T18:28:43+00:00,Strat03RSIBBMeanReversion_v3c,1h,top15_mr1h_stable_candidate_WF_J,20250415-20250815,8,0.13487166299999997,2.70081844967398,0.06838764599999649,success,WF_J_TEST,,,,PF>1 low trades; OOS pass; pairs=13
20260220T182844Z_strat03rsibbmeanreversion-v3c_1h_top15-mr1h-stable-candidate-wf-k,2026-02-20T18:28:44+00:00,Strat03RSIBBMeanReversion_v3c,1h,top15_mr1h_stable_candidate_WF_K,20250515-20250915,5,0.228711133,21.962577525452897,0.010903902735564219,success,WF_K_TEST,,,,PF>1 low trades; OOS pass; pairs=13
20260220T182844Z_strat03rsibbmeanreversion-v3c_1h_top15-mr1h-stable-candidate-wf-l,2026-02-20T18:28:44+00:00,Strat03RSIBBMeanReversion_v3c,1h,top15_mr1h_stable_candidate_WF_L,20250615-20251015,6,0.222231426,11.449589786993936,0.02122593264074973,success,WF_L_TEST,,,,PF>1 low trades; OOS pass; pairs=13
20260220T183544Z_strat03rsibbmeanreversion-v3c_1h_top15-mr1h-stable-candidate-fee-base-20260220,2026-02-20T18:35:44+00:00,Strat03RSIBBMeanReversion_v3c,1h,top15_mr1h_stable_candidate_fee_base_20260220,20250101-20260201,20,0.273555753,2.1250078575139217,0.2109815219999973,success,,,,,PF>1 low trades; pairs=13
20260220T183544Z_strat03rsibbmeanreversion-v3c_1h_top15-mr1h-stable-candidate-fee-p25-20260220,2026-02-20T18:35:44+00:00,Strat03RSIBBMeanReversion_v3c,1h,top15_mr1h_stable_candidate_fee_p25_20260220,20250101-20260201,20,0.25427737300000003,1.9854504038340202,0.2228750679999962,success,,,,,PF>1 low trades; pairs=13
20260220T183544Z_strat03rsibbmeanreversion-v3c_1h_top15-mr1h-stable-candidate-fee-p50-20260220,2026-02-20T18:35:44+00:00,Strat03RSIBBMeanReversion_v3c,1h,top15_mr1h_stable_candidate_fee_p50_20260220,20250101-20260201,20,0.13634133299999998,1.4945666648089464,0.23476861399999507,success,,,,,PF>1 low trades; pairs=13
20260221T002935Z_strat03rsibbmeanreversion-v3c_1h_top15-mr1h-stable-candidate-wf-m-ext,2026-02-21T00:29:35+00:00,Strat03RSIBBMeanReversion_v3c,1h,top15_mr1h_stable_candidate_WF_M_EXT,20250715-20251115,6,0.222231426,11.449589786993936,0.02122593264074973,success,WF_M_TEST,,,,PF>1 low trades; OOS pass; pairs=13
20260221T002935Z_strat03rsibbmeanreversion-v3c_1h_top15-mr1h-stable-candidate-wf-n-ext,2026-02-21T00:29:35+00:00,Strat03RSIBBMeanReversion_v3c,1h,top15_mr1h_stable_candidate_WF_N_EXT,20250815-20251215,5,0.16222588000000002,8.628056613532705,0.021238652400239585,success,WF_N_TEST,,,,PF>1 low trades; OOS pass; pairs=13
20260221T002935Z_strat03rsibbmeanreversion-v3c_1h_top15-mr1h-stable-candidate-wf-o-ext,2026-02-21T00:29:35+00:00,Strat03RSIBBMeanReversion_v3c,1h,top15_mr1h_stable_candidate_WF_O_EXT,20250915-20260115,5,0.16124438000000002,8.58190529928998,0.02125138114696654,success,WF_O_TEST,,,,PF>1 low trades; OOS pass; pairs=13
20260221T003010Z_strat03rsibbmeanreversion-v3c_1h_top15-mr1h-stable-candidate-lopo-rm-eth-usdt,2026-02-21T00:30:10+00:00,Strat03RSIBBMeanReversion_v3c,1h,top15_mr1h_stable_candidate_LOPO_rm_ETH_USDT,20250101-20260201,17,0.312694372,2.844846567007367,0.13731869099999586,success,,,,,PF>1 low trades; pairs=12
20260221T003050Z_strat03rsibbmeanreversion-v3c_1h_top15-mr1h-stable-candidate-lopo-rm-eth-usdt,2026-02-21T00:30:50+00:00,Strat03RSIBBMeanReversion_v3c,1h,top15_mr1h_stable_candidate_LOPO_rm_ETH_USDT,20250101-20260201,17,0.312694372,2.844846567007367,0.13731869099999586,success,,,,,PF>1 low trades; pairs=12
20260221T003055Z_strat03rsibbmeanreversion-v3c_1h_top15-mr1h-stable-candidate-lopo-rm-xrp-usdt,2026-02-21T00:30:55+00:00,Strat03RSIBBMeanReversion_v3c,1h,top15_mr1h_stable_candidate_LOPO_rm_XRP_USDT,20250101-20260201,19,0.284466202,2.2248353597703407,0.2109815219999973,success,,,,,PF>1 low trades; pairs=12
20260221T003059Z_strat03rsibbmeanreversion-v3c_1h_top15-mr1h-stable-candidate-lopo-rm-sol-usdt,2026-02-21T00:30:59+00:00,Strat03RSIBBMeanReversion_v3c,1h,top15_mr1h_stable_candidate_LOPO_rm_SOL_USDT,20250101-20260201,18,0.22846637699999997,2.0006655909191324,0.19613696400000435,success,,,,,PF>1 low trades; pairs=12
20260221T003104Z_strat03rsibbmeanreversion-v3c_1h_top15-mr1h-stable-candidate-lopo-rm-bnb-usdt,2026-02-21T00:31:04+00:00,Strat03RSIBBMeanReversion_v3c,1h,top15_mr1h_stable_candidate_LOPO_rm_BNB_USDT,20250101-20260201,19,0.22353461700000002,1.9192941394705931,0.2109815219999973,success,,,,,PF>1 low trades; pairs=12
20260221T003108Z_strat03rsibbmeanreversion-v3c_1h_top15-mr1h-stable-candidate-lopo-rm-paxg-usdt,2026-02-21T00:31:08+00:00,Strat03RSIBBMeanReversion_v3c,1h,top15_mr1h_stable_candidate_LOPO_rm_PAXG_USDT,20250101-20260201,17,0.27992274400000006,2.2539644567635255,0.19105275699999993,success,,,,,PF>1 low trades; pairs=12
20260221T003113Z_strat03rsibbmeanreversion-v3c_1h_top15-mr1h-stable-candidate-lopo-rm-arb-usdt,2026-02-21T00:31:13+00:00,Strat03RSIBBMeanReversion_v3c,1h,top15_mr1h_stable_candidate_LOPO_rm_ARB_USDT,20250101-20260201,18,0.15357417099999998,1.6315792930378865,0.2109815219999973,success,,,,,PF>1 low trades; pairs=12
20260221T003118Z_strat03rsibbmeanreversion-v3c_1h_top15-mr1h-stable-candidate-lopo-rm-aave-usdt,2026-02-21T00:31:18+00:00,Strat03RSIBBMeanReversion_v3c,1h,top15_mr1h_stable_candidate_LOPO_rm_AAVE_USDT,20250101-20260201,18,0.25771349099999996,2.2924628799593676,0.1672197600000004,success,,,,,PF>1 low trades; pairs=12
20260221T003122Z_strat03rsibbmeanreversion-v3c_1h_top15-mr1h-stable-candidate-lopo-rm-ltc-usdt,2026-02-21T00:31:22+00:00,Strat03RSIBBMeanReversion_v3c,1h,top15_mr1h_stable_candidate_LOPO_rm_LTC_USDT,20250101-20260201,20,0.273555753,2.1250078575139217,0.2109815219999973,success,,,,,PF>1 low trades; pairs=12
20260221T003126Z_strat03rsibbmeanreversion-v3c_1h_top15-mr1h-stable-candidate-lopo-rm-uni-usdt,2026-02-21T00:31:26+00:00,Strat03RSIBBMeanReversion_v3c,1h,top15_mr1h_stable_candidate_LOPO_rm_UNI_USDT,20250101-20260201,20,0.273555753,2.1250078575139217,0.2109815219999973,success,,,,,PF>1 low trades; pairs=12
20260221T003131Z_strat03rsibbmeanreversion-v3c_1h_top15-mr1h-stable-candidate-lopo-rm-snx-usdt,2026-02-21T00:31:31+00:00,Strat03RSIBBMeanReversion_v3c,1h,top15_mr1h_stable_candidate_LOPO_rm_SNX_USDT,20250101-20260201,18,0.234786777,2.0581129904876097,0.2109815219999973,success,,,,,PF>1 low trades; pairs=12
20260221T003135Z_strat03rsibbmeanreversion-v3c_1h_top15-mr1h-stable-candidate-lopo-rm-op-usdt,2026-02-21T00:31:35+00:00,Strat03RSIBBMeanReversion_v3c,1h,top15_mr1h_stable_candidate_LOPO_rm_OP_USDT,20250101-20260201,18,0.249994427,2.2096733960475223,0.17448529800000187,success,,,,,PF>1 low trades; pairs=12
20260221T003139Z_strat03rsibbmeanreversion-v3c_1h_top15-mr1h-stable-candidate-lopo-rm-ada-usdt,2026-02-21T00:31:39+00:00,Strat03RSIBBMeanReversion_v3c,1h,top15_mr1h_stable_candidate_LOPO_rm_ADA_USDT,20250101-20260201,20,0.273555753,2.1250078575139217,0.2109815219999973,success,,,,,PF>1 low trades; pairs=12
20260221T003144Z_strat03rsibbmeanreversion-v3c_1h_top15-mr1h-stable-candidate-lopo-rm-bch-usdt,2026-02-21T00:31:44+00:00,Strat03RSIBBMeanReversion_v3c,1h,top15_mr1h_stable_candidate_LOPO_rm_BCH_USDT,20250101-20260201,18,0.236848599,2.07233619349748,0.1886941399999955,success,,,,,PF>1 low trades; pairs=12
20260221T003215Z_strat03rsibbmeanreversion-v3c_1h_top15-mr1h-stable-candidate-fee-p75-20260220,2026-02-21T00:32:15+00:00,Strat03RSIBBMeanReversion_v3c,1h,top15_mr1h_stable_candidate_fee_p75_20260220,20250101-20260201,20,0.114050303,1.390512978574481,0.24666216000000532,success,,,,,PF>1 low trades; pairs=13
20260221T003215Z_strat03rsibbmeanreversion-v3c_1h_top15-mr1h-stable-candidate-fee-p100-20260220,2026-02-21T00:32:15+00:00,Strat03RSIBBMeanReversion_v3c,1h,top15_mr1h_stable_candidate_fee_p100_20260220,20250101-20260201,20,0.091759271,1.2975075616430527,0.258555707000005,success,,,,,PF>1 low trades; pairs=13
20260221T004946Z_strat19volcompressionbreakout-4h-v1_4h_top20-mr4h-effective-wf-b-ext,2026-02-21T00:49:46+00:00,Strat19VolCompressionBreakout_4h_v1,4h,top20_mr4h_effective_WF_B_EXT,20250901-20251231,36,0.527986806,1.452155879153869,0.3412366246742771,success,WF_B_TEST,,,,PF>1; OOS pass; pairs=17
20260221T004946Z_strat19volcompressionbreakout-4h-v1_4h_top20-mr4h-effective-wf-a-ext,2026-02-21T00:49:46+00:00,Strat19VolCompressionBreakout_4h_v1,4h,top20_mr4h_effective_WF_A_EXT,20250601-20250930,78,1.2880213150000002,1.5851847370928065,0.432157030999997,success,WF_A_TEST,,,,PF>1; OOS pass; pairs=17
20260221T004946Z_strat19volcompressionbreakout-4h-v1_4h_top20-mr4h-effective-wf4-ext,2026-02-21T00:49:46+00:00,Strat19VolCompressionBreakout_4h_v1,4h,top20_mr4h_effective_WF4_EXT,20250701-20251031,75,1.5839132800000002,1.7258532591756155,0.4157106625007719,success,WF4_TEST,,,,PF>1; OOS pass; pairs=17
20260221T012208Z_strat19volcompressionbreakout-4h-v1_4h_top15-mr4h-stable-candidate,2026-02-21T01:22:08+00:00,Strat19VolCompressionBreakout_4h_v1,4h,top15_mr4h_stable_candidate,20250101-20260201,119,2.7433703350000007,1.967035638732286,0.640147490479991,success,,,,,PF>1; pairs=12
20260221T012208Z_strat19volcompressionbreakout-4h-v1_4h_top15-mr4h-stable-candidate-wf-a,2026-02-21T01:22:08+00:00,Strat19VolCompressionBreakout_4h_v1,4h,top15_mr4h_stable_candidate_WF_A,20250601-20250930,64,2.3413358669999997,2.7969125965707917,0.28747990702508375,success,WF_A_TEST,,,,PF>1; OOS pass; pairs=12
20260221T012208Z_strat19volcompressionbreakout-4h-v1_4h_top15-mr4h-stable-candidate-wf-b,2026-02-21T01:22:08+00:00,Strat19VolCompressionBreakout_4h_v1,4h,top15_mr4h_stable_candidate_WF_B,20250901-20251231,32,0.9775667410000001,2.3615911775494878,0.3397193812347471,success,WF_B_TEST,,,,PF>1; OOS pass; pairs=12
20260221T012208Z_strat19volcompressionbreakout-4h-v1_4h_top15-mr4h-stable-candidate-wf4,2026-02-21T01:22:08+00:00,Strat19VolCompressionBreakout_4h_v1,4h,top15_mr4h_stable_candidate_WF4,20250701-20251031,63,2.749534619,3.5418746706195545,0.2875009322422263,success,WF4_TEST,,,,PF>1; OOS pass; pairs=12
20260221T012209Z_strat19volcompressionbreakout-4h-v1_4h_top15-mr4h-stable-candidate-fee25,2026-02-21T01:22:09+00:00,Strat19VolCompressionBreakout_4h_v1,4h,top15_mr4h_stable_candidate_fee25,20250101-20260201,119,2.6556523939999996,1.913778152752965,0.6593553822039632,success,,,,,PF>1; pairs=12
20260221T012209Z_strat19volcompressionbreakout-4h-v1_4h_top15-mr4h-stable-candidate-fee50,2026-02-21T01:22:09+00:00,Strat19VolCompressionBreakout_4h_v1,4h,top15_mr4h_stable_candidate_fee50,20250101-20260201,119,2.567934459,1.8629378375560084,0.678570636889143,success,,,,,PF>1; pairs=12
20260221T012209Z_strat19volcompressionbreakout-4h-v1_4h_top15-mr4h-stable-candidate-fee75,2026-02-21T01:22:09+00:00,Strat19VolCompressionBreakout_4h_v1,4h,top15_mr4h_stable_candidate_fee75,20250101-20260201,119,2.2619458490000004,1.7208946798504754,0.8795773843132454,success,,,,,PF>1; pairs=12
20260221T012209Z_strat19volcompressionbreakout-4h-v1_4h_top15-mr4h-stable-candidate-fee100,2026-02-21T01:22:09+00:00,Strat19VolCompressionBreakout_4h_v1,4h,top15_mr4h_stable_candidate_fee100,20250101-20260201,117,1.9348986620000002,1.6030084459660852,0.9011457073382387,success,,,,,PF>1; pairs=12
